,"Alkollü içecekler,tütün ve tütün ürünleri",Bilgi ve iletişim,Eğitim hizmetleri,"Eğlence,spor ve kültür",Gıda ve alkolsüz içecekler,Giyim ve ayakkabı,"Kişisel bakım,sosyal koruma ve çeşitli mal ve hizmetler","Konut,Su,Elektrik,Gaz ve Diğer Yakıtlar",Lokantalar ve konaklama hizmetleri,"Mobilya,mefruşat ve evde kullanılan ekipmanlar ile rutin ev bakım ve onarımı",Sağlık,Sigorta ve finansal hizmetler,Ulaştırma,Web TÜFE
2024-12-31,100.0,100.0,100.00000000000003,100.0,99.99999999999999,100.0,99.99999999999999,99.99999999999997,99.99999999999999,99.99999999999999,100.00000000000001,100.0,99.99999999999999,100.0
2025-01-01,101.13528512740214,100.0,100.00000000000003,100.0,100.33215580504117,100.0,99.99999999999999,99.99999999999997,99.99999999999999,99.99999999999999,143.73144654254455,100.0,100.78563993130312,100.91482518814406
2025-01-02,101.13528512740214,100.0,100.00000000000003,100.0,100.5685977199215,100.0,99.99999999999999,99.99999999999997,99.99999999999999,99.99999999999999,143.73144654254455,100.0,100.78563993130312,100.98146402107308
2025-01-03,101.13528512740214,100.0,100.00000000000003,100.0,100.64542256208497,100.0,99.99999999999999,99.99999999999997,99.99999999999999,99.99999999999999,143.73144654254455,100.0,100.78563993130312,101.00311634876768
2025-01-04,101.13528512740214,100.0,100.00000000000003,100.0,100.62462900681876,100.0,99.99999999999999,99.99999999999997,99.99999999999999,99.99999999999999,143.73144654254455,100.0,100.78563993130312,100.99725588931368
2025-01-05,101.13528512740214,100.0,100.00000000000003,100.0,100.57425269276231,100.0,99.99999999999999,99.99999999999997,99.99999999999999,99.99999999999999,143.73144654254455,100.0,100.78563993130312,100.98305781966225
2025-01-06,101.13528512740214,100.0,100.00000000000003,100.0,100.57425269276231,100.0,99.99999999999999,103.7714305340148,99.99999999999999,101.16082378832382,143.73144654254455,100.0,101.41254258631237,101.76717064677662
2025-01-07,101.13528512740214,100.00102843667818,100.734994649195,100.00410661210617,100.81703310754826,100.00528955449028,100.01001730175209,103.90524571653587,100.18172143253574,101.19383161374684,143.73144654254455,100.0,101.55499459805347,101.91236010938705
2025-01-08,101.13528512740214,100.00104356989257,100.73306045274973,100.00485713150091,101.27514819702378,100.00641700649392,100.01068848426218,103.99741778798284,100.20441420022887,100.03579000536305,143.73144654254455,100.0,101.55512558064822,101.96387126872177
2025-01-09,101.13528512740214,100.00130132689429,100.67299146314349,100.63178600612768,102.44372438927851,100.01002921882436,100.17220918376727,104.19338008810594,100.61787328755635,101.20354787322756,143.73144654254455,100.0,101.70427674808623,102.48845856690504
2025-01-10,101.13528512740214,99.99977917924006,100.77992469729091,100.63309413363739,102.34676204399523,100.01402734815208,100.18096337742695,104.29128551497922,101.2653986896819,101.20587979777785,143.73144654254455,100.0,101.71579894340293,102.53837165187514
2025-01-11,101.13528512740214,99.99908226734851,100.99276025636686,100.63410598070502,102.33344414817232,100.01221450766175,100.15135180982047,104.3840190160882,101.35686109996271,101.1989868721128,143.73144654254455,100.0,101.95553541106747,102.5927099395489
2025-01-12,101.13528512740214,100.00072653106423,101.43009121838227,100.63630164565768,102.29264245216702,100.01021168543835,100.23340032733503,104.47885465576341,101.35651071604104,101.2030984756158,143.73144654254455,100.0,101.98318295894258,102.61332472687695
2025-01-13,101.13528512740214,100.00056088852222,101.63531715731037,100.63789609207888,102.47056958599345,100.00884508340482,100.26070280716586,104.57695078671344,101.357035741997,101.2063546310068,143.73144654254455,100.0,102.03427098043923,102.69194297411319
2025-01-14,101.13528512740214,100.01283087294522,101.89097214504883,100.6896459136775,102.40202175864707,100.03361167930174,100.39128372491167,104.6943156840227,101.357035741997,101.28197252249107,143.73144654254455,100.0,102.40404190757663,102.7610664924081
2025-01-15,101.13528512740214,100.00562658073555,102.02841987206679,100.70424514382171,102.41639356079877,100.0828277597332,100.39345803749929,104.77050244190141,101.42594935706315,101.56981716529708,143.73144654254455,100.0,102.90388730709932,102.88094675136315
2025-01-16,101.13528512740214,100.01764358613802,101.92826883973169,100.90146993438717,102.35221382923768,100.2726680714804,100.5049495578244,104.84174453732102,101.4566539105795,101.63943418106375,143.73144654254455,100.0,103.33376929489151,102.96029140088979
2025-01-17,101.13528512740214,99.98889118073603,102.01288016063845,101.01717595837562,102.40145005625865,100.13771144345309,100.58656601443771,104.90182456055298,101.7223242947723,101.70663401577899,143.73144654254455,100.0,103.34481738152422,103.00819687370361
2025-01-18,101.13528512740214,99.9554686460662,102.70522806618709,101.4182462337987,102.46295306427723,100.06552148629319,100.65543039841434,105.06799493083751,101.6462575168013,101.84834210743541,143.73144654254455,100.0,103.59068602907129,103.10563929862622
2025-01-19,101.13528512740214,99.96235052768886,103.16328901951826,101.48217053739168,102.47751712245623,100.09685597952536,100.84156522159283,105.1197976685674,101.54582569607362,101.94091504827043,143.73144654254455,100.0,103.57201953821497,103.13512478857353
2025-01-20,101.13528512740214,99.95498341967934,103.71473022028263,101.8050617368251,102.5620473694323,100.2041386049998,100.96487479960967,105.24529356129486,102.21399050685747,102.17344627196373,143.73144654254455,100.0,103.70352351067665,103.30334623432654
2025-01-21,101.13528512740214,99.92968754284567,105.00531917153785,102.03917852863314,102.48787282693779,100.40293447817615,101.11436928961858,105.31822311204611,102.24590547611893,102.39328891001226,143.73144654254455,100.0,103.60997187110347,103.35447329985338
2025-01-22,101.13528512740214,99.93737691751795,105.42074720736878,102.06361485890004,102.63840347106824,100.31933370942804,101.22065455485149,105.39099964809725,103.02183031830438,102.44011400999203,143.73144654254455,100.0,103.60523873834222,103.48711294722469
2025-01-23,101.13528512740214,99.92059218525355,105.25457381489458,102.45190209301903,102.72898639655371,100.28720724258878,101.2342997830697,105.46329539355077,103.02466946039664,102.63880959103899,143.73144654254455,100.0,103.63785796460557,103.54298774712188
2025-01-24,101.13528512740214,99.92281933354616,105.4571328919378,102.40551240731028,102.27712069526368,100.18887088528116,101.29297471908221,105.53458576695516,102.98807519080239,102.88160494195235,143.73144654254455,100.0,103.67842665977336,103.44758315143145
2025-01-25,101.13528512740214,99.91240625147684,105.78654198661994,102.47722613946326,102.09018749663058,100.1850755024248,101.32558584260497,105.60413135388622,102.7957690092956,103.13448719690751,143.73144654254455,100.0,103.78073479800214,103.43226429863827
2025-01-26,101.13528512740214,99.90962950255803,105.81048976376837,102.78003175998685,102.41374743591729,100.27275006928117,101.39934347163182,105.67215692656715,103.18759061782819,103.31423880535847,143.73144654254455,100.0,103.81210076593074,103.60128695535447
2025-01-27,101.13528512740214,99.91518393729126,105.76345680579583,102.99116232300204,102.50779791491978,100.46204400181982,101.50310809464104,105.74596436613172,103.18897153309929,103.51065309252087,143.73144654254455,100.0,103.82572567942968,103.67824112332545
2025-01-28,101.13528512740214,99.90907748675897,106.03410946155901,103.3039775957321,102.64875121307102,101.19643487347095,101.76444726407941,105.81938429137054,103.32911907899039,103.98628631069286,143.73144654254455,100.0,103.85103528134498,103.86208143387705
2025-01-29,101.13528512740214,99.86359800733055,105.80222052398814,103.43967233355036,103.12597423663033,101.04644624368426,101.89227235701719,105.88696937971888,103.46239374286885,103.79271063744258,143.73144654254455,100.0,103.66432342444499,103.96514582079914
2025-01-30,101.13528512740214,99.85619312743763,106.55633646143335,103.55860121202757,103.13717750181515,101.05916916217711,102.02581627067032,105.95350516319371,103.16542998228506,103.81548031446998,143.73144654254455,100.0,103.67980156239115,103.9809346824015
2025-01-31,101.13528512740214,99.86236347052547,106.22195641209555,103.75701786597024,102.69804309669424,101.15167751011292,102.13784954194628,106.00691079338431,103.41774404342353,103.8878625018292,143.73144654254455,100.0,103.454144022548,103.870040951531
2025-02-01,101.13528512740214,99.94798383728731,106.47503530188207,103.97798065899339,103.27171342557901,101.46146703088154,102.60818805533569,107.45381656596258,103.23787598606378,104.16583082989052,143.73144654254455,100.0,103.66973063709698,104.35430993014099
2025-02-02,101.14866045167975,99.98064161322931,106.58763700731978,104.16333724641699,103.34624981878159,101.60958479187595,102.8033039405837,107.45400167240106,103.4920381324153,104.35983930806788,122.4386283040664,100.0,103.65693524268116,104.11110466613106
2025-02-03,101.14866045167975,99.9872766997836,106.48732763103544,104.3463159360251,103.45116490262042,101.91788655921941,103.03770615513814,107.4980385167735,103.49125383520094,104.56112094452935,122.4386283040664,100.0,103.65059462846615,104.1967256112451
2025-02-04,101.14866045167975,99.97028145754874,106.60376622899743,104.72204992590689,103.47807702793554,102.26235949017592,103.48245173302752,108.14770449738654,103.4217235244916,105.04223121674794,122.4386283040664,100.0,103.82507611415232,104.41532644341254
2025-02-05,101.14866045167975,99.94228801593287,106.75096700554465,105.04902593965521,104.01177588261325,102.23933811898246,103.70913853070601,108.43100175545015,104.05443808611305,105.2806859713777,122.4386283040664,100.0,103.83239203609546,104.69947857871232
2025-02-06,101.14866045167975,99.90371579152577,106.85728575773145,105.24510957736825,104.7192792562322,102.31017205611047,103.93116956812294,108.47598024381122,103.87841711888909,105.61266715787082,122.4386283040664,100.0,104.30685766955358,104.99818321633585
2025-02-07,101.14866045167975,99.86259795796248,107.31694577608891,105.23429940774909,104.41408680518832,102.42206857705204,104.09516406722274,108.46516483451916,104.56717779266071,105.90818824302755,122.4386283040664,100.0,104.29975661974863,105.01731204870929
2025-02-08,101.14866045167975,99.92148897188304,107.28865054364117,105.65921103795547,104.3422732760182,102.6050854738677,104.45996858465244,108.52135470410565,105.07421882208715,106.1722443558022,122.4386283040664,100.0,104.32599500444636,105.11086080196945
2025-02-09,101.14866045167975,99.92544306610523,107.60333029312048,106.31516564912754,104.35625342277862,102.70064199319528,104.69112690142244,108.5209407744037,104.89736181481942,106.27093709638147,122.4386283040664,100.0,104.34182219399806,105.14054882841964
2025-02-10,101.14866045167975,99.94110345169832,107.64333945564093,106.7631472930675,104.37506425859054,103.36301471162231,104.89486062845535,108.59010319862311,105.06046811329358,106.47396292321658,122.4386283040664,100.0,104.34007837697266,105.25492990066141
2025-02-11,101.14866045167975,99.93139128375303,107.76788526972432,107.48419686458146,104.64524655240852,104.11341235210348,105.7165813908869,108.80740478769751,105.04218351723662,107.15540179340329,122.4386283040664,100.0,104.35395491655959,105.52291553829278
2025-02-12,101.14866045167975,99.79518145399078,108.38659499016697,107.65801473371698,105.1369441637229,104.40780484955285,105.9532784589925,108.88467109317484,105.65190630213725,107.48062617884425,122.4386283040664,100.0,104.43604286581798,105.80672861754356
2025-02-13,101.14866045167975,99.7784367476745,108.57192246337357,108.09969761790799,105.28597700192483,104.42130451062565,106.10433046550187,108.99650571193972,106.24036181777724,108.07143507491602,122.4386283040664,100.0,104.44247390498583,105.98256150292829
2025-02-14,101.14866045167975,99.77837291074934,107.59103171676153,108.099414079208,105.2852658394215,104.42141627623622,106.10628000650587,108.99518545382993,106.30786958716659,108.07524448432825,122.4386283040664,100.0,104.44768349317543,105.96694555319199
2025-02-15,101.14866045167975,97.97693643998412,109.73410992093363,108.099414079208,105.39363463524478,104.42141627623622,106.10628000650587,109.54474429731714,106.62650702879333,108.07524448432825,122.4386283040664,100.0,104.4495838602772,106.07634692804888
2025-02-16,101.14866045167975,97.97693643998412,109.73410992093363,108.099414079208,105.4146078882265,104.42141627623622,106.10628000650587,109.54474429731714,106.62650702879333,108.07524448432825,122.4386283040664,100.0,104.4495838602772,106.0822580335402
2025-02-17,101.14866045167975,97.977012076556,110.6796012303747,108.099414079208,105.53808262874533,104.42575235742927,106.142177557742,109.68698532734382,106.08977274691978,108.06479711819436,122.4386283040664,100.0,104.47713700815146,106.11874654099604
2025-02-18,101.14866045167975,97.97488158991894,111.64599393735087,108.38902093899942,105.93150492883636,106.10079983690912,106.7879059875052,109.90602913348408,105.47621347777932,108.60067854298352,122.4386283040664,100.0,104.7387719077718,106.4727204689135
2025-02-19,101.14866045167975,97.96240270714524,111.60926885988712,108.50454859549644,107.1139692075212,106.21167829012545,107.6135507400809,109.88414515524632,105.44565453088339,108.52452379100356,122.4386283040664,99.96710578125672,104.70955849765706,106.82895163747628
2025-02-20,101.14866045167975,98.16554979016922,112.59670010412623,108.53500427013601,107.27622942302631,107.95395309984723,108.43904568043749,109.93690325333336,104.66821798181167,109.3576550938423,122.4386283040664,99.96710578125672,104.71190815538432,107.08542747500573
2025-02-21,101.14866045167975,98.19441705647033,113.60595988636302,108.79773908663856,107.84328458289197,108.9499780499426,108.60896634125478,110.00254128242763,104.25880275756415,109.61888585472494,122.4386283040664,99.96710578125672,104.71236310144053,107.3544272119708
2025-02-22,101.14866045167975,98.22003793712696,114.63753075672317,108.73765322668288,107.73847251245803,108.83142246127869,109.64865738072321,110.13321176325303,104.2890640389548,110.04783417929409,122.4386283040664,99.96710578125672,104.75026788274683,107.4414260836592
2025-02-23,101.14866045167975,98.20263804126915,115.69190593277271,108.86645130442233,107.898865928045,109.27418374164017,109.74726883411537,110.14637996195485,103.97210196010056,110.08905150765267,122.4386283040664,99.96710578125672,105.14977333829958,107.58153383000202
2025-02-24,101.14866045167975,98.23080262379654,116.76958953533648,109.089360048222,107.95225411719981,109.5367057523512,109.88238655467703,110.2112409372095,103.61981302476104,110.23557386276525,122.4386283040664,99.96710578125672,105.17119146161716,107.6452463273977
2025-02-25,101.14866045167975,98.2635667601065,117.87109682952958,109.5262178790277,108.36971610555709,111.69317793144685,110.35576550374165,110.35477598623434,103.42156090254502,110.93779188373114,122.4386283040664,99.96710578125672,105.17509363603997,108.0478096237006
2025-02-26,101.14866045167975,98.2635667601065,117.87109682952958,109.5262178790277,108.74480361543405,111.69317793144685,110.35576550374165,110.35477598623434,103.42156090254502,110.93779188373114,122.4386283040664,99.96710578125672,105.17509363603997,108.15352435671272
2025-02-27,101.14866045167975,98.23556782585126,117.87109682952958,109.49628259019629,108.75153061641544,111.66960815968706,110.19557021907721,110.42071091292786,103.39232113844297,110.9407243762211,122.4386283040664,99.96710578125672,105.11982689084971,108.14676372336164
2025-02-28,101.14866045167975,98.19175899658859,117.87109682952958,109.5307415847511,108.58483015940729,111.60625857983898,110.02891869293002,110.47401310894713,103.89257160603842,110.95800877468113,122.4386283040664,99.96710578125672,105.19624097836633,108.15096363253518
2025-03-01,111.15844789133695,98.26809822165887,117.87109682952958,109.57899985123272,108.92527159807094,111.68580410203172,110.10970542911154,110.51638587937934,103.69910489053092,111.10207003181777,122.37646596655775,99.96710578125672,104.88859383894888,108.61787325338274
2025-03-02,111.15844789133695,98.26443638980324,117.87109682952958,109.54508415039787,108.9045878110406,111.72042021241901,110.05530856006504,110.55319425806319,103.80297501322092,111.11515826545913,122.37646596655775,99.96710578125672,104.88855524829222,108.62830773194818
2025-03-03,111.15844789133695,98.33880729282461,117.87109682952958,109.54589819322335,108.89508321342736,111.75225213205646,110.09653184693758,110.64513683619563,103.37249176931911,111.09765025981655,122.37646596655775,99.96710578125672,104.88707628738186,108.60863420055931
2025-03-04,111.15844789133695,98.27825552189476,117.87109682952958,109.75928224632278,109.33809233822883,111.8790583191596,110.33384741514945,110.93254116796948,105.12201095996028,111.1518620283344,122.37646596655775,99.96710578125672,104.68900231068541,108.92936466860216
2025-03-05,111.15844789133695,98.30854518043117,117.87109682952958,109.67959723268902,110.35153702928872,112.08157084149556,110.46539958036144,110.9912989278947,105.20106693757938,111.3013456729624,122.37646596655775,99.96710578125672,104.68281243665712,109.26428487262153
2025-03-06,111.15844789133695,98.2576996382903,117.87109682952958,109.61252700920981,110.51535297992271,112.12141464908471,110.53773705628964,111.17349076850634,105.3356360205515,111.22253154869873,122.37646596655775,99.96710578125672,104.46379868859577,109.31829805697139
2025-03-07,111.15844789133695,98.16556265701928,117.87109682952958,109.58952395097062,110.38715998705035,112.08214142738053,110.52232829635719,111.32712167989631,105.71930418870004,111.26971033930181,122.37646596655775,99.96710578125672,104.08622634509547,109.28523599415519
2025-03-08,111.15844789133695,98.15188633925767,117.87109682952958,109.59068174661641,110.61137931639139,112.04605711621024,110.49391496985949,111.30255338062528,105.3332282713974,111.23607395412508,122.37646596655775,99.96710578125672,104.11877891934256,109.30768347097901
2025-03-09,111.15844789133695,98.13716352895626,117.87109682952958,109.58665852055225,110.56692628695183,112.04117982152641,110.47416326452549,111.34144457633428,105.48249295659258,111.32466634740695,122.37646596655775,99.96710578125672,104.0825547619394,109.3149794704424
2025-03-10,111.15844789133695,98.16598175748186,117.87109682952958,109.67336848536695,110.45183687845159,112.08908518430242,110.52101349782133,111.42930101585921,105.70619054824078,111.43430771071282,122.37646596655775,99.96710578125672,103.99112155577717,109.32087409370945
2025-03-11,111.15844789133695,98.1339382682639,117.87109682952958,109.9026381859443,111.20242504490437,112.10732766226708,110.61628729080269,111.52883307585138,105.4934799014014,111.51996291094684,122.37646596655775,99.96710578125672,104.01004146109982,109.54539080192566
2025-03-12,111.15844789133695,98.01541400289973,117.87109682952958,109.58401782404775,111.69922769825772,111.0500677569529,110.35137807846016,111.6685196911471,105.53851082723315,110.78221025487932,122.37646596655775,99.96710578125672,104.44560346847257,109.60640812468867
2025-03-13,111.15844789133695,97.97333577995714,117.87109682952958,109.44577101878843,111.7402357350644,110.5326484526279,110.31998667955216,111.73370116469387,105.74755220140054,110.37863481769267,122.37646596655775,99.96710578125672,104.47348654693545,109.57143992401532
2025-03-14,111.15844789133695,97.93178786518521,117.87109682952958,109.42249929155336,111.46562993280014,110.27000877566323,110.34228212618959,111.7888483318288,105.82595167759597,110.23649221992062,122.37646596655775,99.96710578125672,104.82920236460428,109.52351891159422
2025-03-15,111.15844789133695,97.93178786518521,117.87109682952958,109.42378976564385,111.27148958647457,110.1354061049123,110.32850707290397,111.86706755636756,105.67003424831255,110.23520835342913,122.37646596655775,99.96710578125672,104.82539949456103,109.45581432279243
2025-03-16,111.15844789133695,97.91869306507736,117.87109682952958,109.40258776638738,111.28305775091475,110.13687014335416,110.32082578512896,111.80903146992249,106.30445595580011,110.22371618710932,122.37646596655775,99.96710578125672,104.82741038756724,109.5036903246429
2025-03-17,111.15844789133695,97.90370218858902,117.87109682952958,109.61972348963283,111.19211020414693,110.30716652247828,110.38676438099165,111.91145837421062,107.14152352244567,110.5866421552531,122.37646596655775,99.96710578125672,104.81807790714153,109.61412362368357
2025-03-18,111.15844789133695,97.426788788814,117.87109682952958,110.07552891457296,111.57601649877796,110.81402952556158,110.82475227021118,112.12764646007615,107.29752360638133,110.96431986599377,122.37646596655775,99.96710578125672,104.82022481550669,109.84103101557498
2025-03-19,111.15844789133695,97.50341680509712,117.87109682952958,110.04011736063822,111.59998111004433,111.34054664802694,112.86300424907229,112.20667650431143,107.38381639436851,111.05404084310106,122.37646596655775,99.96710578125672,104.77313372823036,109.98968608690089
2025-03-20,111.15844789133695,97.6799813020955,117.87109682952958,109.97465168333744,111.62194648889164,111.48930581794606,113.60515711185558,112.31051237619334,107.56044677230035,111.38355372150403,122.37646596655775,99.96710578125672,104.4784112171625,110.06232364130449
2025-03-21,111.15844789133695,97.68454651074714,117.87109682952958,109.98904824700175,111.40517994205801,111.50961667972945,113.59758264948383,112.31639648987422,107.60612692079583,111.3780511681874,122.37646596655775,99.96710578125672,104.48081352703682,110.00778332244715
2025-03-22,111.15844789133695,97.64187999295531,117.87109682952958,110.01762484957749,110.82027496460472,111.60426770619807,113.50413587522353,112.35230211725587,107.55120066308353,111.3548904419087,122.37646596655775,99.96710578125672,104.4754222346275,109.84367125180123
2025-03-23,111.15844789133695,97.60450185793981,117.87109682952958,109.99677043304199,110.81212420434298,111.66585247385635,113.43300331177488,112.33206196761091,107.30199545640832,111.3183402003345,122.37646596655775,99.96710578125672,104.48823985996069,109.81527503294402
2025-03-24,111.15844789133695,97.2720295392887,117.87109682952958,110.02788125514006,110.95262910322998,111.8676876266542,114.03024982614563,112.38806463735258,107.29840313896075,111.32973743408164,122.37646596655775,99.96710578125672,104.48272442604207,109.88642054747244
2025-03-25,111.15844789133695,97.34261551146311,117.87109682952958,110.22219645730769,111.14685535243073,112.08981180162525,113.95570625058131,112.553287573814,108.52117649343344,111.21663946475957,122.37646596655775,99.96710578125672,104.74904809125971,110.12208017732296
2025-03-26,111.15844789133695,96.12525579187356,117.87109682952958,110.17657101714993,111.88103064654099,112.10121585043643,113.8446791510378,112.58924019332686,108.50449617340738,111.23359743030865,122.37646596655775,99.96710578125672,105.16711086432858,110.32895572355248
2025-03-27,111.15844789133695,96.15818191371238,117.87109682952958,110.08736761285179,111.95753355243777,112.11989192761342,113.24016786066461,112.70317482667453,108.53962526063322,111.22108959998485,122.37646596655775,99.96710578125672,105.11372011195877,110.34337490073136
2025-03-28,111.15844789133695,96.15481026060225,117.87109682952958,110.0092359787156,112.063720534248,112.13344252326273,113.20526845610078,112.8392999589586,108.73711709495768,111.14657840726275,122.37646596655775,99.96710578125672,105.11203877918362,110.40488194985464
2025-03-29,111.15844789133695,96.13277091909212,117.87109682952958,109.94916402693087,112.50029161353558,112.12576694675998,113.30381946210152,112.94223226851528,109.11369855983067,111.06606864350016,122.37646596655775,99.96710578125672,105.29949831463445,110.59734791092185
2025-03-30,111.15844789133695,96.13277091909212,117.87109682952958,109.94916402693087,112.50029161353558,112.12576694675998,113.30381946210152,112.94223226851528,109.11369855983067,111.06606864350016,122.37646596655775,99.96710578125672,105.29949831463445,110.59734791092185
2025-03-31,111.15844789133695,96.13277091909212,117.87109682952958,109.94916402693087,112.50029161353558,112.12576694675995,113.30381946210152,112.94223226851528,109.11369855983067,111.06606864350016,122.37646596655775,99.96710578125672,105.29949831463445,110.59734791092185
2025-04-01,111.15844789133695,96.2874173218982,117.87109682952958,110.2263842566958,112.43359488952932,112.68626535264247,113.69847163631216,113.13868750238132,109.58986179606131,111.52626360941979,122.37646596655775,99.96710578125672,106.12437745199747,110.87015371952772
2025-04-02,111.15844789133695,96.3328742677488,117.87109682952958,110.40688348151728,112.56202480985597,112.70279856937039,113.83815943845518,113.23689482924593,109.64338965967427,111.59010763666056,122.37646596655775,99.96710578125672,106.12967803775793,110.94348615799682
2025-04-03,111.15844789133695,96.41237355428325,117.87109682952958,110.32328849598093,112.77929245959511,112.60483396118325,113.8627865383414,113.28800658140572,109.58524059544033,111.82452684908559,122.37646596655775,99.96710578125672,108.81870238473878,111.38395731345189
2025-04-04,111.15844789133695,96.43041230378176,117.87109682952958,110.22879145899392,112.42317641645565,112.49089532534339,113.9223178540188,113.53413137330196,109.69710957032312,111.755271955436,122.37646596655775,99.96710578125672,108.8126344089044,111.31928471316009
2025-04-05,111.15844789133695,96.38243991818025,117.87109682952958,110.17976433165278,112.2826193144076,112.51221436312608,113.89055594048574,116.99022828092401,109.69056738593912,111.75095184849324,122.37646596655775,99.96710578125672,108.84377210072786,111.83520545364158
2025-04-06,111.15844789133695,96.35271733384377,117.87109682952958,110.1851667926862,112.23765868087425,112.45609515430492,113.86026899781469,117.03441731925604,109.65139917767895,111.66495004162657,122.37646596655775,99.96710578125672,108.843362456321,111.81215709164405
2025-04-07,111.15844789133695,96.37448206695133,117.87109682952958,110.12917161006753,112.24869279835086,112.52289321985629,113.86306422440032,117.32810596249821,109.61762993429596,111.60997284277956,122.37646596655775,99.96710578125672,108.84214747933432,111.86061439432193
2025-04-08,111.15844789133695,96.36903847283855,117.87109682952958,110.25816254322396,112.37566768409805,112.52682296537175,113.78421845330256,117.61465871881619,109.58309152884107,111.77830010978857,122.37646596655775,99.96710578125672,108.85059312943311,111.95286921705429
2025-04-09,111.15844789133695,96.37613526614842,117.87109682952958,110.21859987984027,112.65036517439651,112.97173514709567,113.86138773886475,117.68420138347514,109.60763078374183,112.02538572979452,122.37646596655775,99.96710578125672,108.17837299485477,112.01177658614094
2025-04-10,111.15844789133695,96.36824958438436,117.86568629106783,110.16385775600942,112.75190159953321,112.84938982079152,114.03065224319887,117.7532274765934,110.13080465120927,112.31278844807574,122.37646596655775,99.96710578125672,107.2731277554768,111.99457579372296
2025-04-11,111.15844789133695,96.37721273667012,117.85917717698766,110.14181171532626,112.7096851294979,112.64146324753754,114.2585870403806,117.8757139526309,110.44768449866477,112.26359843035733,122.37646596655775,99.96710578125672,107.23098920615162,112.0122804407531
2025-04-12,111.15844789133695,96.53867529382701,117.89186835305337,111.35226115766348,112.8630387037359,113.38495328017883,114.70152856622879,117.99047909890781,110.86516058313117,112.58935430095244,122.37646596655775,99.96710578125672,107.60548868364019,112.28576265794936
2025-04-13,111.15844789133695,96.5596672942539,117.90016756869034,111.7797797663953,112.7686851201533,113.64207076043506,114.86864991516693,117.95890937241158,110.57168733546968,112.70252377794542,122.37646596655775,99.96710578125672,107.61875247989444,112.27228546513305
2025-04-14,111.15844789133695,96.57767189008531,117.90016756869034,112.44549508552929,112.59565385280895,113.89706345974339,114.94936420863849,118.0877040373745,110.57457887845958,112.81051921394199,122.37646596655775,99.96710578125672,107.62968329380783,112.28670778145768
2025-04-15,111.15844789133695,96.57893634187134,117.90016756869034,112.77041464510944,113.2462821040222,114.6160107431706,115.30256179308228,118.25719386902936,110.58467070425944,113.06459591877575,122.37646596655775,99.96710578125672,107.64435663012533,112.59522733832208
2025-04-16,111.15844789133695,96.50618343574293,117.90016756869034,111.6090397598291,113.39961245992947,113.14363743121368,114.9037110381296,118.28258201158036,110.66936628457204,112.56131706985228,122.37646596655775,99.96710578125672,107.65178258089685,112.46044225248907
2025-04-17,111.15844789133695,96.4679838755905,117.90016756869034,110.86648634044212,113.66419337440999,112.19402888017079,115.02002382073486,118.36779427162776,110.89258649804135,111.77455001360428,122.37646596655775,99.96710578125672,108.03259943029384,112.47312778885558
2025-04-18,111.15844789133695,96.35854952282094,117.90016756869034,110.67952442433342,113.37408770614178,111.66237413633516,114.86406695514707,118.43906238241041,111.6371005761346,111.65630269692069,122.37646596655775,99.96710578125672,108.04720786705091,112.40474389957262
2025-04-19,111.15844789133695,96.68988927962904,117.90016756869034,110.56776294035582,112.70408661045369,111.47643701050586,114.65397693214717,118.50766044544397,110.76081200501041,111.59253655333943,122.37646596655775,99.96710578125672,108.04682739823754,112.13671753011027
2025-04-20,111.15844789133695,96.84623444281704,117.90016756869034,110.43579309793667,112.40242868131307,111.36428589576937,114.47761770205686,118.48166442978386,110.7535053571512,111.59908339368695,122.37646596655775,99.96710578125672,108.05069127042228,112.03838670071464
2025-04-21,111.15844789133695,96.98915596741168,117.90016756869034,110.38031767099892,112.58663851168005,111.36823360371486,114.13838330576257,118.54119403485626,110.71065865774064,111.64193193332184,122.37646596655775,99.96710578125672,108.05600762639419,112.09426806524564
2025-04-22,111.15844789133695,97.02503521655305,117.90016756869034,110.8211642069865,112.83185740745897,112.930355341409,114.9594128070032,118.78401738671548,110.89013609364127,112.21755475600916,122.37646596655775,99.96710578125672,108.06250619130124,112.42796834790532
2025-04-23,111.15844789133695,96.95288944300401,117.90016756869034,110.59151439824588,112.62568380042563,112.55068337812483,114.68659308213354,118.84764282826245,111.1650242788453,112.0592911897063,122.37646596655775,99.96710578125672,108.2319909852751,112.36747297497146
2025-04-24,111.15844789133695,96.92938163237568,117.90016756869034,110.51369145146693,112.62923797461633,112.29273564214603,114.69376888597513,118.84532845299813,111.98992380428031,112.02934407673861,122.37646596655775,99.96710578125672,108.22671943139785,112.41491168476409
2025-04-25,111.15844789133695,96.92471195746646,117.90016756869034,110.52988884295908,113.12175444268466,112.30556214840523,114.62157110954799,118.98226687092478,112.24345087600004,112.15927654175515,122.37646596655775,99.96710578125672,108.23829228409316,112.60840891677121
2025-04-26,111.15844789133695,96.9177728193026,117.90016756869034,110.5269736195161,113.10955990360972,112.39182084727453,114.74464751519535,119.10926117658046,112.1683944642305,112.16870299347639,122.37646596655775,99.96710578125672,108.24541645434145,112.63157177829589
2025-04-27,111.15844789133695,96.92064632565548,117.90016756869034,110.58141457103761,112.95547410427594,112.44229456310383,114.7716846336483,119.12491880628478,112.54019223620325,112.19647603839279,122.37646596655775,99.96710578125672,108.23853689412782,112.63040962905369
2025-04-28,111.15844789133695,96.95316592401183,117.90016756869034,110.71573946628811,112.86336422114053,112.5883083872383,114.90062030944482,119.28435585401925,112.64959692135255,112.35259666610466,122.37646596655775,99.96710578125672,108.24370810612511,112.67261640175877
2025-04-29,111.15844789133695,96.93877107192633,117.90016756869034,111.05590156645319,112.70667228478962,112.62885017394424,115.15811551233931,119.43191211354177,112.60193626996546,112.48308664914742,122.37646596655775,99.96710578125672,108.24973905354715,112.67544737957486
2025-04-30,111.15844789133695,96.91702051115287,117.90016756869034,110.99624467388321,112.67889452131408,112.74873766876884,115.11567003710148,119.5868568153082,113.53325355796976,112.61824491333688,122.37646596655775,99.96710578125672,108.25260797201895,112.79184630714855
2025-05-01,111.15844789133695,97.03479817639386,117.90016756869034,111.0190482226733,112.18581211867317,112.93982380927532,115.1306166357805,119.68598425261622,114.34289016576076,112.57432418062406,122.37646596655775,99.96710578125672,108.06576405867538,112.73282677744801
2025-05-02,111.15844789133695,96.99844367541967,117.90016756869034,111.08206041069282,112.18853367586257,113.04786976823198,115.21313124823155,119.74396263892729,114.49108693027925,112.79953844549027,122.37646596655775,99.96710578125672,108.08110389570419,112.78701213706522
2025-05-03,111.15844789133695,97.02886592334788,117.90016756869034,111.33956524192999,112.32065728867656,112.93533912324924,115.15378326251441,120.42582812160913,114.01685177606387,113.03570669065873,122.37646596655775,99.96710578125672,109.22998378390332,113.05890360830824
2025-05-04,111.15844789133695,96.99174055516752,117.90016756869034,111.45072464861096,112.45300290027083,112.86892604959363,115.29139171758763,120.51028246353815,114.10167393466662,113.20381027722497,122.37646596655775,99.96710578125672,110.51221875556821,113.3024011483855
2025-05-05,111.15844789133695,97.02586419065689,117.90016756869034,111.56994827307926,112.53206821124024,112.97835224399455,115.32877611022695,120.57869417004343,114.15063233882809,113.43450492667326,122.37646596655775,99.96710578125672,110.53958281260321,113.37560142101786
2025-05-06,111.15844789133695,97.00293310726353,117.90016756869034,111.9778618805843,112.7797404906864,113.13309617440908,115.69074952942714,120.85025485522819,114.29779955028748,113.5927658210727,122.37646596655775,99.96710578125672,110.54111902030557,113.54441669759278
2025-05-07,111.15844789133695,96.97269472375287,117.90016756869034,111.65201735710079,112.49154917233163,112.21273688812181,115.57274531138233,121.06230439510628,114.9349243169319,113.3062215154074,122.37646596655775,99.96710578125672,109.9077532858617,113.36150026304823
2025-05-08,111.15844789133695,96.91339617217396,117.90016756869034,111.58197269794888,112.6299826555322,111.63063493789208,115.49698821077483,121.20822837170164,115.18780002281814,114.03416971738837,122.37646596655775,99.96710578125672,109.98482829647718,113.46288156622975
2025-05-09,111.15844789133695,96.90559285784053,117.90016756869034,111.47641373785595,112.15362711829636,111.79121436164611,115.31976433169125,121.2918436305975,115.14405380784306,114.03317160093293,122.37646596655775,99.96710578125672,110.01099347783601,113.34631883889212
2025-05-10,111.15844789133695,96.8773405475166,117.90016756869034,111.45969465806306,111.8640533607024,111.94032732025316,115.33573085438879,121.37188955741776,114.49909545464551,113.99018899543348,122.37646596655775,99.96710578125672,110.00061535853034,113.22705225321963
2025-05-11,111.15844789133695,96.88359978377743,117.90016756869034,111.65282158775028,111.65539352238613,111.99238532779147,115.452519125721,121.430460804974,114.53113058030037,114.06204783375367,122.37646596655775,99.96710578125672,110.00041126201278,113.19731629360918
2025-05-12,111.15844789133695,96.94132084956647,117.90016756869034,111.8115721496717,111.83742643311516,112.1661516881141,115.65527766489787,121.51905067891506,115.2205850182504,114.21534359288079,122.37646596655775,99.96710578125672,110.002314208127,113.36205214611519
2025-05-13,111.15844789133695,96.94132084956647,117.90016756869034,111.69621866026218,111.89475120407454,112.377149041917,115.61729283098447,121.56484363156954,115.80714810399839,114.21619519364685,122.37646596655775,99.96710578125672,110.00221540868425,113.45116582981318
2025-05-14,111.15844789133695,96.90126477567554,117.90016756869034,111.70022988454917,112.28649470593969,112.22642784754599,115.7257734819633,121.61603696613386,116.06378214631196,114.34545924860623,122.37646596655775,99.96710578125672,110.3159814898201,113.6350744773185
2025-05-15,111.15844789133695,96.95030891940027,117.90016756869034,111.65356938813649,112.43135432656092,112.33560980180428,116.6814370482416,121.71291362533871,116.59020655330197,114.05583994664764,122.37646596655775,99.96710578125672,111.08242006433828,113.8627501408228
2025-05-16,111.15844789133695,96.99351402208347,117.90016756869034,111.70174642592288,112.22581513621147,112.74138230132587,116.69927264293733,121.77006060354651,117.34379565006624,114.06613053849802,122.37646596655775,99.96710578125672,111.08394629261751,113.91683709311725
2025-05-17,111.15844789133695,96.91082873991829,117.90016756869034,111.52662075848433,112.12109559446482,112.57792925986233,116.56462989592754,121.83286034281264,116.88921031400731,114.00837705268104,122.37646596655775,99.96710578125672,111.04420906376752,113.82345500740993
2025-05-18,111.15844789133695,96.93137939531499,117.90016756869034,111.52185011467768,112.00793569568455,112.55016291744288,116.5929712122068,121.98902564545591,116.38247115618576,114.01053753711419,122.37646596655775,99.96710578125672,111.03640767958375,113.77106646732611
2025-05-19,111.15844789133695,96.98313012426017,117.90016756869034,111.59171450990509,111.9348568356003,112.99957835121077,116.8000340150946,122.070533998698,116.26778669177939,114.13543926281994,122.37646596655775,99.96710578125672,110.99447722305275,113.80490907281776
2025-05-20,111.15844789133695,96.97596586813594,117.90016756869034,111.61580648661285,112.57653721192665,113.06757861611557,116.7283561611701,122.08888309432336,116.42054204816698,114.07451147000982,122.37646596655775,99.96710578125672,111.50035558717894,114.06778786026774
2025-05-21,111.15844789133695,96.91882604792896,117.90016756869034,111.59238903277038,112.49238195998356,113.1016256029465,116.79586225967432,122.15597980924831,116.3426671325371,113.98145855667036,122.37646596655775,99.96710578125672,111.78749162069734,114.08118756859365
2025-05-22,111.15844789133695,96.89114748446782,117.90016756869034,111.47952348658674,112.93440855853895,113.05776947448594,116.79736603365978,122.2148534612105,116.71728647030305,113.97087232852574,122.37646596655775,99.96710578125672,112.20974762611355,114.29782075332844
2025-05-23,111.15844789133695,96.86971751650793,117.90016756869034,111.93607532620896,112.34793289392894,113.0343872399285,116.8540656501899,122.27541480616009,116.9647823711156,113.99687596104948,122.37646596655775,99.96710578125672,111.5953188964662,114.08809178301783
2025-05-24,111.15844789133695,96.86129709695969,117.90016756869034,111.85959207411923,112.22297770000029,113.02403077490199,116.83780611610452,122.34254102596347,116.36868028667055,113.92477492680617,122.37646596655775,99.96710578125672,111.82464614630045,114.03356080880022
2025-05-25,111.15844789133695,96.84596095217935,117.90016756869034,111.49548490850793,112.04177542004322,113.058028056738,116.7118627323993,122.38287483845143,116.3698402547862,113.84150517600054,122.37646596655775,99.96710578125672,111.82074125470675,113.97482873673465
2025-05-26,111.15844789133695,96.90210032793986,117.90016756869034,111.60861453581836,112.15720555172558,113.06102343756693,116.90410707422078,122.48576388991188,116.42691810663896,113.96660052544857,122.37646596655775,99.96710578125672,111.6193639521155,114.02338766429523
2025-05-27,111.15844789133695,96.83571784936763,117.90016756869034,111.43121019628785,112.77789686972143,113.09149906036585,116.85775506933233,122.54909934065945,116.518102625487,114.03655796969592,122.36860525534024,99.96710578125672,111.6946366454811,114.22766095622903
2025-05-28,111.15844789133695,96.83716288864956,117.90016756869034,111.30595077139802,112.77510466379053,113.10493191816101,116.91338262250665,122.60075327991728,116.79069415804295,113.79672139050834,122.35961690292172,99.96710578125672,111.91986397645458,114.2713449026544
2025-05-29,111.15844789133695,96.79614401327598,117.90016756869034,111.34931326993345,112.78954397771571,112.9052312818621,117.90939369287173,122.66195009457579,116.94416265793826,113.81552515946117,122.35961690292172,99.96710578125672,112.7077749626079,114.42543134106643
2025-05-30,111.15844789133695,96.76395757055171,117.90016756869034,111.26893469257571,112.2281415178285,112.7590973112142,117.90203650788338,122.70637602679348,117.09308668127468,113.69599240125163,122.35961690292172,99.96710578125672,112.86824387315808,114.28476523573366
2025-05-31,111.15844789133695,96.81276278020552,117.90016756869034,111.3026577857147,112.12420786295746,112.61624037095541,117.84332892558702,122.77727414133312,117.64374976457032,113.67409770116058,122.35961690292172,99.96710578125672,112.89691301671171,114.30634243276882
2025-06-01,111.15844789133695,96.85020672730599,118.05655005688104,111.47297874395498,112.19479832818932,112.67513565684105,118.05488793950092,123.51585367491703,117.78839031431731,114.08499722090725,122.35961690292172,99.96710578125672,112.832096257161,114.50210764690887
2025-06-02,111.15786423012082,96.90571570793381,118.05655005688104,111.59289644662113,112.4664510965197,113.3314639412391,118.30258258509117,123.71482864230568,117.88740896605661,114.20308967613174,122.36405643592148,99.96710578125672,112.92894868671678,114.70762845686524
2025-06-03,111.15786423012082,96.85647009280383,118.05655005688104,111.50638146814175,112.4664510965197,112.96430171650698,118.30995083242364,123.78759826084449,118.04505391429022,114.28543830826338,122.37006523406569,99.96710578125672,113.5008853925793,114.78431335004
2025-06-04,111.15786423012082,96.87836376588601,118.05655005688104,111.47905214334507,111.90408149986322,112.79824610611522,118.13104136532705,124.07891434433432,119.61885218338278,114.2437197685627,122.37006523406569,99.96710578125672,113.9930689442915,114.85411410294338
2025-06-05,111.15786423012082,96.8171116080964,118.05655005688104,111.56968497591657,111.686431996331,112.74304548491709,118.03414128709382,124.08830541819138,121.2153516984486,114.67646897805588,122.37006523406569,99.96710578125672,113.0813644881001,114.83730043602665
2025-06-06,111.15786423012082,96.8171116080964,118.05655005688104,111.56968497591657,111.52691802378878,112.74304548491709,118.03414128709382,124.08830541819138,121.2153516984486,114.67646897805588,122.37006523406569,99.96710578125672,113.0813644881001,114.7923429885645
2025-06-07,111.15786423012082,96.8171116080964,118.05655005688104,111.56968497591657,111.5019599709301,112.7430454849171,118.03414128709382,124.08830541819138,121.2153516984486,114.67646897805588,122.37006523406569,99.96710578125672,113.0813644881001,114.7853088063404
2025-06-08,111.15786423012082,96.8171116080964,118.05655005688104,111.56968497591657,111.39018732350617,112.7430454849171,118.03414128709382,124.08830541819138,121.2153516984486,114.67646897805588,122.37006523406569,99.96710578125672,113.0813644881001,114.75380678276102
2025-06-09,111.15794667789359,96.86741195517277,118.05655005688104,111.86344604395751,111.47356932010476,112.72828035782402,117.93791167214813,124.42125357094275,119.558639266519,114.86165165945812,122.37006523406569,99.96710578125672,112.35923158513985,114.60468134204378
2025-06-10,111.15794667789359,96.88977479090283,118.05655005688104,111.93059247169028,112.28173824437569,112.69453395207304,117.98427963123089,124.659795175964,119.38954580743024,114.93791379491478,122.37006523406569,99.96710578125672,112.14570385053867,114.8343228542076
2025-06-11,111.15794667789359,96.82224313918074,118.05655005688104,111.75475811508906,112.28962073921356,112.78468666700002,116.66083688024632,124.76963829331038,119.53452441654791,114.0257170150946,122.37006523406569,99.96710578125672,112.18039632909249,114.75013577155156
2025-06-12,111.15794667789359,96.83526767786434,118.05655005688104,111.76248217001128,112.66118553796034,112.7199406307594,116.45745881546974,124.8164702315116,119.61021621644998,113.82952996675023,122.37006523406569,99.96710578125672,112.36092031532229,114.86526787640315
2025-06-13,111.15917850073997,96.83455118524454,118.05655005688104,111.61517831034429,112.3378325499697,112.7641074352386,116.45796202291766,125.09187474387792,119.92602439067002,113.863703723552,122.37006523406569,99.96710578125672,112.66069359107425,114.890913265592
2025-06-14,111.15917850073997,96.82508806362253,118.05655005688104,111.5973549939558,112.23714648740923,112.86519683634228,116.73647362469148,125.20959246087975,119.31802681513192,113.92940674171194,122.37006523406569,99.96710578125672,113.27607415742598,114.93381869991624
2025-06-15,111.15917850073997,96.81482796435506,118.05655005688104,111.66731678224987,112.21224535946081,112.84658504076809,117.09186308834104,125.37632850037922,119.5355819231224,113.90006452757792,122.375878869651,99.96710578125672,113.12128160574365,114.96151728386307
2025-06-16,111.15917850073997,96.84906512526292,118.05655005688104,111.79576448472379,112.19016240072969,112.85103638770512,117.61722767353675,125.46066209575406,119.86389788141265,114.04752278818916,122.37783521226731,99.96710578125672,112.7526917384263,114.98308826314454
2025-06-17,111.15917850073997,96.88655840596883,118.05655005688104,111.76500973297134,112.55566786260307,113.02658954799269,117.18793886930142,125.73361903973213,119.80917375036007,114.00035741852044,122.37955348774636,99.96710578125672,113.57673966427876,115.23154094070364
2025-06-18,111.15917850073997,96.88119240928032,118.05655005688104,111.79629851552447,112.36707082619392,113.22066199020074,117.26330405001414,125.89887746054887,119.87007455856022,114.16886314530227,122.37955348774636,99.96710578125672,113.37610142409117,115.21545620499624
2025-06-19,111.15917850073997,97.01752427546681,118.05655005688104,111.86652114254676,112.38387746189929,113.19038079363496,118.29312554205023,126.18405099107635,120.17306341881131,114.33581256857188,122.37955348774636,99.96710578125672,114.7348124642824,115.53157811096006
2025-06-20,111.15917850073997,96.9773104433284,118.05655005688104,111.86705519817792,111.96700097864901,114.10132954912226,118.40928107454098,126.37999380813925,120.54248661731727,114.32567963478373,122.37955348774636,99.96710578125672,114.7593688764804,115.55557784906908
2025-06-21,111.15917850073997,96.97175953342216,118.05655005688104,112.01572020581818,111.87198053049293,114.10362808965039,118.45591850043157,126.48159105094484,119.8537505147154,114.35664431249886,122.37955348774636,99.96710578125672,115.95361335986074,115.65097756603001
2025-06-22,111.15917850073997,96.98607124435932,118.05655005688104,111.99233411238836,111.64634211304013,113.89410751110614,118.45800054926521,126.4694891798466,119.76628460860627,114.3491041078889,122.37955348774636,99.96710578125672,116.02008492802486,115.5698252662393
2025-06-23,111.15992753110719,97.02617752366407,118.05655005688104,112.13039934603928,111.58016734974099,114.2416856482357,118.63420537979722,126.74492671563765,120.0922868766942,114.49385940849143,122.37812627938058,99.96710578125672,115.92940849736333,115.66142272531722
2025-06-24,111.15992753110719,96.99611507851647,118.05655005688104,112.18236531135167,111.67422263155439,114.0935897296825,118.69072887241178,126.94466782342995,120.16246037073378,114.53946773026233,122.37537263722993,99.96710578125672,115.74289981476569,115.69419487599497
2025-06-25,111.15992753110719,96.97288886826708,118.05655005688104,112.22720934206286,111.51353252458513,113.86557972212736,118.60222375442511,126.95049382023477,120.16246037073378,114.55691041292553,122.37537263722993,99.96710578125672,115.74299594734826,115.62919722840168
2025-06-26,111.15992753110719,96.87366224570117,118.05655005688104,112.25494510017262,111.66430766762615,113.29103258415876,118.7552150461812,126.98852750617041,120.54548322356368,115.27164715591192,122.3742819862439,99.96710578125672,114.26559257874511,115.52660496210453
2025-06-27,111.15992753110719,96.86578184393531,118.05655005688104,112.37448255694754,111.49096856222349,113.73852337329741,118.55771697803287,126.98657441004536,120.94362498763594,115.12089083434468,122.3742819862439,99.96710578125672,114.40336942301433,115.54803724995224
2025-06-28,111.16005965733878,96.85623286819131,118.05655005688104,112.40636613350962,111.08393432608176,113.6802109293264,118.46458845857742,126.94049807611415,120.55366137279667,115.19625016729077,122.3742819862439,99.96710578125672,114.92602636354934,115.45988055002438
2025-06-29,111.16005965733878,96.8474143930373,118.05655005688104,112.42658710441181,110.8331874287625,113.69484410902287,118.46023147590378,126.99677533154407,120.67510128222253,115.26894954943454,122.3742819862439,99.96710578125672,114.97685152542071,115.42247065122923
2025-06-30,111.16005965733878,96.90511086929659,118.05655005688104,112.48833240463787,111.15190900722756,113.84901861335607,118.63696711476443,127.42027891629041,121.83607460916144,115.40233645327588,122.3742819862439,99.96710578125672,114.49964375172783,115.65120242166265
2025-07-01,111.16005965733878,96.96440170909365,123.28992126873939,112.80786279698165,112.40648235346528,114.02712884086817,119.30966794926073,127.51851355621943,121.74815303635143,115.75653620028297,122.3846464814138,99.96710578125672,114.389443646757,116.19125161573857
2025-07-02,111.16028784671877,96.9446356621869,123.28992126873939,112.92695270503023,112.62696481605,114.25320520046002,118.72146068092793,130.76750439662294,121.84417695980476,115.47689193931402,122.38894974715046,99.96710578125672,114.35068237817666,116.75202044231403
2025-07-03,111.16028784671877,97.11029876091818,123.28992126873939,112.7981462072594,112.78538306270144,114.12248400785474,118.71721672086075,130.83852106196298,122.30679891208348,115.52019524637778,122.38894974715046,99.96710578125672,114.41081507189554,116.85605043357901
2025-07-04,112.30820211495224,97.14606208971425,123.28992126873939,112.77694999458122,112.56715011524452,114.3270093027271,118.84556458109569,131.40053635411962,122.45385374956544,115.73398700097248,122.38894974715046,99.96710578125672,117.0674061020374,117.34002302729078
2025-07-05,114.25279354001387,97.13186474115022,123.28992126873939,112.79141578371198,112.68085035092443,114.68601892990769,118.79116103687358,131.4878050936064,121.86503357104547,115.61291774952247,122.38894974715046,99.96710578125672,117.09245645906587,117.4314292392548
2025-07-06,114.6631749596746,97.14729834651516,123.28992126873939,112.8063268645678,112.93687933657749,114.74158362420131,118.72624835211225,131.56682516928888,121.8830169014288,115.63169161957346,122.38894974715046,99.96710578125672,117.05662707418429,117.53384016705624
2025-07-07,114.6981678914413,97.18711469718572,123.28992126873939,112.91460122967204,112.7056650580824,114.91996918904745,119.01898694756905,131.72898549236365,121.88370924836158,115.93492509438428,122.38813183150599,99.96710578125672,117.24043487750775,117.57380131681023
2025-07-08,115.21976376854414,97.15090606088658,123.28992126873939,113.11635502494285,112.89630556185924,114.80470274410607,118.83685672284155,131.76761574961964,121.87964293734647,115.75864354688541,122.38813183150599,99.96710578125672,117.41725851412593,117.64816149067649
2025-07-09,118.6854590730868,97.17953786169588,123.28992126873939,113.02501479827535,112.9305832457834,114.11770475805031,118.54826051874028,131.80416032372605,121.81319339683571,115.56077184852651,122.38813183150599,99.96710578125672,118.11294188342076,117.80769880906807
2025-07-10,118.6854590730868,97.14202455529886,123.28992126873939,113.0708393580059,113.04016233241343,113.35476005511951,118.65217053828884,131.81148578844127,122.36768219846408,115.55476983851715,122.38813183150599,99.96710578125672,118.4068675145195,117.86897435485581
2025-07-11,118.6854590730868,97.13244775763266,123.28992126873939,113.22301580036684,112.87045185073063,113.41955344151452,118.52853505930965,131.9288207189971,122.9558762532157,115.32849345061624,122.38813183150599,99.96710578125672,118.30146224163629,117.86086516268844
2025-07-12,118.6896930240837,97.10888631186968,123.28992126873939,113.25309083250026,112.17401249156907,113.35821776949678,118.70013249965653,132.0832889474699,122.5673261703894,115.42224394834057,122.38813183150599,99.96710578125672,118.2238126051876,117.65334960152975
2025-07-13,118.71473665902516,97.09285328769525,123.28992126873939,113.2736866814639,112.27194624630432,113.4574864346875,118.77656437152068,132.04412284129694,122.70295635801347,115.4765572223516,122.38813183150599,99.96710578125672,118.01052080280225,117.67357774191824
2025-07-14,118.71473665902516,97.13267042177108,123.28992126873939,113.37053865714877,112.42274842230452,113.6125499506904,119.00377140631946,132.08614697402774,122.53663486629121,115.68259526415699,122.38878548044033,99.96710578125672,117.87391574423728,117.7305354327601
2025-07-15,118.71473665902516,97.12779857678534,123.28992126873939,113.41196416436584,112.79864116235464,113.3840966169984,118.79204692722689,132.18690958087004,122.59495970650289,115.50658577678655,122.38606469161878,99.96710578125672,117.83768412696564,117.81266200600234
2025-07-16,118.71473665902516,97.19864366031217,123.28992126873939,113.57359937844546,112.72221199992121,113.56128154974388,118.93665658113328,132.24546736516652,122.8175992500694,115.80793771086896,122.38612887258012,99.96710578125672,117.81005377288444,117.86569521288955
2025-07-17,118.99548970339798,97.31139074882381,123.28992126873939,113.74636724148748,113.13726027096988,113.37306727956492,119.06237836232316,132.37803834430431,122.90858980439214,116.21667397957427,122.38612887258012,99.96710578125672,118.08757476668559,118.09071362677801
2025-07-18,119.04754067694559,97.29005914977655,123.28992126873939,113.7291961301388,113.05675125009228,113.22803101676142,119.1162991250986,132.4258742936777,123.12986711878393,116.30751151707011,122.38612887258012,99.96710578125672,118.11062559321968,118.0968635949402
2025-07-19,119.04754067694559,97.42696311356534,123.28992126873939,113.69976493805663,112.49923135752599,113.25002113918936,119.11336775383981,132.55559733247435,123.13875255415127,116.32229119971807,122.38612887258012,99.96710578125672,118.23342998667727,117.9868709911233
2025-07-20,119.04754067694559,97.40928665240173,123.28992126873939,113.70767073062535,112.54212068531827,113.19843990114823,119.14659253779834,132.52371472255828,123.4286667544388,116.32813612935684,122.38612887258012,99.96710578125672,118.1252691095479,118.00157246071467
2025-07-21,119.04754067694559,97.47436167719303,123.28992126873939,113.7773482617081,112.98108998825103,113.42504013159925,119.30122827509375,132.58672062611987,123.58495077344281,116.44515735583904,122.38612887258012,99.96710578125672,117.64932308132649,118.12248777442095
2025-07-22,119.04754067694559,97.47844063822909,123.28992126873939,113.89737252969535,113.53872615530453,113.43963392720134,119.36954728136101,132.5832731071699,123.67397029305991,116.40037605220769,122.38190189590705,99.96710578125672,117.65602822569385,118.28937375456277
2025-07-23,119.04754067694559,97.41528319551053,123.28992123352779,113.99527949364649,113.5408240423035,113.61270949426284,119.47341833816748,132.5411024553966,123.68216062742245,116.49769057616282,122.38145761351348,99.96710578125672,117.88243342253656,118.33804876725935
2025-07-24,119.04754067694559,97.38832959494997,123.28992123352779,113.88088995946565,113.566353191855,113.50908582500338,119.38129609756176,132.6064596113504,124.01905427534803,116.45641478115277,122.38145761351348,99.96710578125672,118.17705278299957,118.40716432165505
2025-07-25,119.04754067694559,97.40976811373676,123.28992123352779,113.8813833977395,113.27690104645026,113.16061112702258,119.34833676032314,132.66550558841354,124.29161780354768,116.54012688685377,122.38145761351348,99.96710578125672,119.1518165260483,118.46865432740142
2025-07-26,119.04778940940045,97.40792395538826,123.28992123352779,113.8099607018779,113.01742572626011,112.7511702481952,119.30402846751038,132.74683237338147,123.97428256725912,116.52562373590858,122.38145761351348,99.96710578125672,121.09112316466458,118.60471713844476
2025-07-27,119.04934701592576,97.376388446435,123.28992123352779,113.77111029496669,112.93946909011842,112.40598996427013,119.31869660888583,132.80894656812117,123.84449693516396,116.54788893403388,122.38145761351348,99.96710578125672,120.38818448358084,118.45980972728715
2025-07-28,119.04934701592576,97.42665489850963,123.28992123352779,113.86932252706325,113.0406032459802,113.12579023967545,119.55494018638792,132.78660142245616,123.7410952409293,116.73639105406633,122.38430615543257,99.96710578125672,120.20517545951215,118.53631110880093
2025-07-29,120.93815777955075,97.45365544733,123.28992123352779,114.03437486340759,113.28066949137289,112.82745895974946,119.67704399277656,132.8884075278278,123.73450798954069,116.7957823171723,122.38546391745379,99.96710578125672,120.35358762121983,118.70352737378573
2025-07-30,122.90187081674577,97.44675199582375,123.28992123352779,114.00332264636677,113.32486674014716,112.07584831380098,119.63587320309865,133.00859907926986,123.67213051164391,116.81643266133601,122.38491219512744,99.96710578125672,120.52676845153064,118.7705481204555
2025-07-31,122.90156356556679,97.48720059708529,123.28992123352779,114.0651316375075,113.62273790718038,111.99772050543348,119.91793646554095,133.03855170756168,124.51542611102278,116.6739265058314,122.38491219512744,99.96710578125672,121.07501203031079,119.00207763566323
2025-08-01,122.90156356556679,97.53246797587363,123.28992123352779,114.19805375006862,114.29850975549839,111.7189370913866,120.22578904693033,133.19183482480705,124.77523412745536,116.96400856912142,122.38491219512744,99.96710578125672,120.97944903402912,119.24356417793369
2025-08-02,122.90156356556679,97.59653037283938,123.28992123352779,114.53809958370104,114.16400996548613,111.87122353156843,120.33224135214363,133.2849144189707,124.75293035569591,117.01950882877823,122.38491219512744,99.96710578125672,120.9787183457948,119.24619993667613
2025-08-03,122.90156356556679,97.54017175028726,123.28992123352779,114.55224514894861,114.19005933914015,111.77424565426821,120.39529034048758,133.34199789709987,124.88196093776699,117.10166831310801,122.37608544912334,99.96710578125672,120.98042066685026,119.27286670004005
2025-08-04,124.87926324878674,97.53640117528772,123.28992123352779,114.64946067209937,114.45063510484712,111.56307293814193,120.67224708945852,133.41764824397916,124.92655036375842,117.37963674208736,122.37608544912334,99.96710578125672,120.74163791211456,119.42593644309243
2025-08-05,124.87931971796979,97.62656204704088,123.28992123352779,114.55086336226377,115.21436619564273,111.25738704897468,120.60879521385166,133.81126151359385,125.21966956665254,117.1438385916474,122.37463657852629,99.96710578125672,121.15655948096997,119.74289849750893
2025-08-06,124.87931971796979,97.63923302284611,123.28992123352779,114.36740300960355,114.95038094863048,110.79369737125919,120.59989196319245,133.9027826400941,125.43677610594901,117.3030359969648,122.37463657852629,99.96710578125672,121.28205258462812,119.6931420081364
2025-08-07,124.88015460869748,97.57619664312756,123.28992123352779,114.56880572794802,114.72726011429124,110.51842128252292,120.62017237756675,134.25006528124035,125.4899667856888,117.56829774225699,122.37463657852629,99.96710578125672,121.15361593234458,119.67316824952223
2025-08-08,124.88015460869748,97.57389049436237,123.28992123352779,114.56974102776776,115.3665699513637,110.13374831530594,120.60676811767459,134.29133821042896,125.64764635012094,117.54907428989534,122.37463657852629,99.96710578125672,121.15969082613346,119.84171238107875
2025-08-09,124.88015460869748,97.57165147081302,123.28992123352779,114.58069819002021,115.44550733902156,109.8589516113663,120.61132103811661,134.31977831628325,125.78983010301006,117.57015059925929,122.37463657852629,99.96710578125672,121.08700437237293,119.85117911645713
2025-08-10,124.88840636274958,97.61372098505183,123.28992123352779,114.53099451418099,115.38294129066176,109.69506156162447,120.60279720141682,134.3701108546508,126.40814263387608,117.55455914991231,122.37463657852629,99.96710578125672,120.97775964312825,119.86824857756832
2025-08-11,124.88837629741403,98.02033477155595,123.28992123352779,114.55288109095918,115.13883313232108,109.6962043761857,120.59753976247669,134.32592821451595,127.71618743802087,117.59146415402711,122.37293085705561,99.96710578125672,120.57439113184903,119.8754610202992
2025-08-12,124.88837629741403,98.19323785242341,123.28992123352779,114.40890982964109,115.42959564372548,109.2603938753093,120.5088304751083,134.7219907494428,126.28958168951732,117.21487793535479,122.3722751915316,99.96710578125672,120.74820768415138,119.85693727020696
2025-08-13,124.88847651198363,98.25117203142574,123.28992123352779,114.32581898459672,115.73587900135009,109.03858422846633,120.51680618437105,134.87407423301505,127.94718279825715,117.267038885575,122.3722751915316,99.96710578125672,120.86007317562616,120.11667854467966
2025-08-14,124.88847651198363,98.24303470963181,123.28992123352779,114.36656891974252,115.73693246446655,109.1619409662009,120.51793657091525,134.98417648378827,127.9508929517438,117.32948763505169,122.3722751915316,99.96710578125672,121.20908061194534,120.1969192207143
2025-08-15,124.88847651198363,101.91547395357767,123.28992123352779,114.60950069789344,115.27772644204731,108.9594225661054,120.42612870959019,135.06425344028875,128.7456996184748,117.14381631353982,122.3722751915316,99.96710578125672,121.16915952111695,120.28822185944978
2025-08-16,124.88847651198363,99.88305755199772,123.28992123352779,114.66109763197461,115.33385738084608,108.89848742904961,120.37716078274653,135.112661685892,127.88723194023922,117.1662795831234,122.3722751915316,99.96710578125672,120.98262044658912,120.11014522258623
2025-08-17,124.88847651198363,99.88942548805119,123.28992123352779,114.65733541463604,115.37453983474195,108.88111868295054,120.40941370576623,135.12167628145951,128.38202994185326,117.30921557366493,122.3722751915316,99.96710578125672,120.80445859882438,120.15425073343337
2025-08-18,124.88847651198363,99.93089518698704,123.28992123352779,114.78363691284504,115.51564773311864,108.8636967106849,120.66609696976876,135.32812205769417,128.52929336792457,117.48206859856089,122.3722751915316,99.96710578125672,120.50065837202672,120.22491873359655
2025-08-19,124.88847651198363,99.93303951612802,123.28992123352779,114.78199642932579,115.99934168976304,108.8913727971358,120.40148779593814,135.46885449043512,128.65107297223759,117.61116006284169,122.3722751915316,99.96710578125672,120.53259843925727,120.40184415587089
2025-08-20,124.88731316431864,99.91590218624899,123.28992123352779,114.77136740513112,116.2519728544359,108.00792069106838,120.17741961333981,135.55158723917611,129.02870920192152,117.6768467189161,122.3722751915316,99.96710578125672,120.61724322905152,120.45629056561356
2025-08-21,124.88747627861937,99.93460315238855,123.28992123352779,114.83732825000652,116.0988475558538,107.86418324621843,121.87648687424041,135.4981517871138,130.53644259525163,117.71312100426441,122.3722383281719,99.96710578125672,120.97250371371906,120.64042212168862
2025-08-22,124.88747627861937,99.94473093894983,123.28992123352779,114.81212120782452,115.08847198433602,107.7170475359948,121.83753492250207,135.67885851530755,131.5124953210314,117.75518463352884,122.3722383281719,99.96710578125672,120.96552694811999,120.45973851711187
2025-08-23,124.88749615475794,99.92448687724892,123.28992123352779,114.84488853488217,115.10106923310565,107.6470656788843,121.9754876576592,135.68904490133198,132.23332676077976,117.75345190225103,122.3722383281719,99.96710578125672,120.96740372232372,120.52716976578111
2025-08-24,124.88846595884375,99.91388371610266,123.28992123352779,114.84352561607581,115.15649230651843,107.6470656788843,121.9754876576592,135.68954078637182,132.914497845632,117.75345190225103,122.3722383281719,99.96710578125672,120.83239439600668,120.58399177988457
2025-08-25,124.88846595884375,99.95263642070583,153.8129968983527,114.9834105758966,115.59962538756983,107.90389284892771,122.23397643581843,135.84810216750773,132.79122584289613,117.94694630980929,122.3722383281719,99.96710578125672,120.42941172583431,121.40983982497657
2025-08-26,124.88846595884375,99.97746005101538,153.8129968983527,115.27002335493638,116.3313415265626,108.1757798570422,122.17843452781628,136.02233119340937,128.71522465643963,117.87154197338671,122.37393067009243,99.96710578125672,120.6142566932705,121.32947929020807
2025-08-27,124.88846595884375,100.03224490416724,153.8129968983527,115.26218041693865,116.26677003771822,108.42986080346463,122.30359813842901,136.2313590114942,128.66184860319424,117.97408017824223,122.37397607699727,99.96710578125672,121.00621847833538,121.42860294150445
2025-08-28,124.88846595884375,100.057138024122,153.8129968983527,115.2574482835376,116.54746594110956,108.46091917575652,122.33277543383963,136.41321490383808,128.92051507496922,117.78251131738712,122.37397607699727,99.96710578125672,121.4327592563279,121.60592538914595
2025-08-29,124.88876985627036,100.05393164625345,153.8129968983527,115.44319104343484,116.20956917378605,108.66635530010622,122.35114364362556,136.47536754127054,129.06443067909416,117.82043361770805,122.37397607699727,99.96710578125672,121.45909962250278,121.55904157468693
2025-08-30,124.89135693778297,100.14963508502913,153.8129968983527,115.67163893790263,115.64920081807922,108.94868526451468,122.99955659441943,136.704085247762,128.67479246844215,117.80623299402538,122.37397607699727,99.96710578125672,121.51761823344437,121.46420753583197
2025-08-31,124.89135693778297,100.16586988271379,153.8129968983527,115.744178692654,115.74594508755426,109.30733866704466,123.15819589221185,136.7111583042447,128.48875299669893,117.93761306937559,122.37397607699727,99.96710578125672,121.30902116885743,121.4951492289363
2025-09-01,124.89023689369847,100.26775611776537,153.8129968983527,116.2242213631046,117.39591763696092,110.21052791933509,123.85916601029653,136.86781729860294,128.65797445645876,118.54667112802008,122.37397607699727,99.96710578125672,120.87174496101986,122.09964030686582
2025-09-02,124.89023689369847,100.25293371652901,153.8129968983527,115.85137426571325,117.9381181644998,110.10836583379925,123.14124494801753,136.88854458881673,128.53053506164278,118.47186957120576,122.37397607699727,99.96710578125672,121.61243788747475,122.29821279421847
2025-09-03,125.09433148498574,100.20488283063605,153.8129968983527,115.90339267889729,118.38159500361822,110.1317537758451,123.34627231516102,137.0245037714808,128.58363781037772,118.4183260148636,122.37397607699727,99.96710578125672,121.50415521448326,122.44664228528737
2025-09-04,125.09542605738406,100.4405130013015,153.8129968983527,115.84005722619749,117.98481845062365,110.01376327071264,123.34498798436533,137.26064220855264,128.91219360811726,118.3270200684579,122.37397607699727,99.96710578125672,123.03139973270792,122.60024646792213
2025-09-05,125.09542605738406,100.38761166048819,153.8129968983527,115.87972852704372,117.3807633035905,110.39800934184422,123.56302824921832,137.50219573034963,129.26986787852576,118.3315676512145,122.37397607699727,99.96710578125672,123.05393221866677,122.54022877763896
2025-09-06,125.09741397730646,100.39145817608583,153.8129968983527,116.14526487001021,117.29676537005228,110.769762989283,123.64171525727657,137.57293341947243,128.70552830981194,118.7236974060539,122.37397607699727,99.96710578125672,123.02048951120777,122.54189771698772
2025-09-07,125.09631576029915,100.39586921301635,153.8129968983527,116.11807465051965,117.28583220887018,110.64363432933862,123.65412292588866,137.52222156294124,128.61608772758143,118.11960887418527,122.37397607699727,99.96710578125672,122.64904823748553,122.41389576591703
2025-09-08,125.09631576029915,100.40823609178705,153.8129968983527,115.99105520579398,117.69325206297884,110.69946594160423,123.70476984652605,137.60911617470393,128.6562003174831,118.13055502799332,122.37397607699727,99.96710578125672,122.21454012896278,122.49417150004373
2025-09-09,125.09631576029915,100.42721971432942,153.8129968983527,116.19909050152785,118.26363376700911,110.88656771685234,124.07019664510896,137.86567390816145,128.78244846602368,118.09706597376733,122.47406482653984,99.96710578125672,122.18546777301059,122.73386075958622
2025-09-10,125.09808198194129,100.47084060911762,153.8129968983527,116.23603674465491,118.78709408672785,110.92540453357869,124.4092720571502,137.98993217718888,129.27690124646992,118.17951733662558,122.55616968264573,99.96710578125672,122.32521780557386,122.98966768474048
2025-09-11,125.09808198194129,100.45056080210044,153.8129968983527,116.18997027669896,118.97829361982231,110.87883345688627,124.47384430719929,137.98298429084457,129.54984873489548,118.257665381407,122.56247661189718,99.96710578125672,122.79859468429947,123.13357686124792
2025-09-12,125.09832814040283,100.46251298437724,153.8129968983527,116.03670561771963,118.574647528289,110.99648836232467,124.42840416701618,138.12773342107036,130.0004195003049,118.12839717923025,122.56247661189718,99.96710578125672,122.81944403723007,123.08132409523029
2025-09-13,125.09841003187995,100.43151663650471,153.8129968983527,116.10481641645778,118.02625501356509,110.98911549079183,124.4650807860784,138.29389575662805,129.44614389552734,118.19548111058049,122.57641861465723,99.96710578125672,122.9644912831661,122.93007072344808
2025-09-14,125.09841003187995,100.42672846908718,163.25799349079392,116.05687862035947,117.99505547849672,111.05156037958602,124.42688992764752,138.2949674956278,129.42953091054687,118.22823966578801,122.575909556727,99.96710578125672,122.73830889024161,123.10892376476494
2025-09-15,125.09841003187995,100.49958966546593,163.25799349079392,116.27601002329041,119.00562359278962,111.16426757879042,124.71769036188489,138.4529680945021,129.47015679864919,118.48702966781262,122.56919573445444,99.96710578125672,122.16200182071914,123.39207208861262
2025-09-16,125.09841003187995,100.51209758692252,163.25799349079392,116.60996684479606,119.57268012121096,111.42800809369203,125.17203819747559,138.5601478905729,129.71834532136734,118.38304136685663,122.56919573445444,99.96710578125672,122.2446405464305,123.63583235404099
2025-09-17,125.09841003187995,100.49445808311188,163.25799349079392,116.62845003968067,119.67641415769042,111.52563803153807,125.36172429757697,138.7795130663552,129.98111273935112,118.37740740877514,122.56919573445444,99.96710578125672,122.40908223441156,123.75912361761237
2025-09-18,125.09878842218106,100.47709979245751,163.25799349079392,116.5515423433007,119.7118708101658,111.62242359829489,125.31777987321423,138.99934572349957,130.2802512440849,118.65522959512006,122.56919573445444,99.96710578125672,122.94861586257777,123.93014733552918
2025-09-19,125.09878842218106,100.49657812932922,163.25799349079392,116.62432855764379,119.57987493735533,111.76426330905083,125.30577357765277,139.1168111325751,130.4856035432604,118.53483714981195,122.56919573445444,99.96710578125672,122.91920446817093,123.92870367312985
2025-09-20,125.09878842218106,100.49321536970919,163.25799349079392,116.7908878733367,119.04845752650573,111.80984695219423,125.13617920670157,139.22060749353133,129.97487135288515,118.53191537301652,122.57021350313528,99.96710578125672,123.15673171044143,123.78162850292456
2025-09-21,125.09878842218106,100.48197327468745,163.25799349079392,116.83114591804915,118.96525963488918,111.84464525846985,125.14448043636455,139.21714412405512,130.05290765451053,118.54522288600222,122.56998863367247,99.96710578125672,122.8593608306769,123.72863706628515
2025-09-22,125.09878842218106,100.52278866177056,163.25799349079392,116.92841567716779,119.04978723055652,112.02268188673943,125.44865123198639,139.32348776639867,130.05146501591994,118.70464377046922,122.57032148844849,99.96710578125672,122.37918213110022,123.74648338757213
2025-09-23,125.09937304697067,100.53089732373928,163.25799349079392,117.05684713052969,119.16686836532136,112.209126834211,125.61542622168906,139.57272592677248,130.15943272396106,118.72205442289501,122.57110043530517,99.96710578125672,122.19036820091392,123.82799620554135
2025-09-24,125.09937304697067,100.55914446947884,163.25799349079392,117.10094318379763,118.95529472954573,112.3183131178455,125.90767424053841,139.73019745951802,130.23547325074438,118.67149018410123,122.57110043530517,99.96710578125672,122.28500396399882,123.83027837795096
2025-09-25,125.09976227687405,100.47174755861678,163.25799349079392,117.18393021128823,119.36237394069816,112.09364825501787,125.79539333019527,139.8111759308169,130.36945922265346,118.70954684346786,122.57110043530517,99.96710578125672,123.4652551447396,124.10605767773406
2025-09-26,125.09852616105871,100.48171265024891,163.25799349079392,117.1653588747703,118.60023716324366,112.0181950920574,125.76864531018825,139.76006140506234,130.60469191496733,118.57961980684686,122.57110043530517,99.96710578125672,123.16412654348395,123.84583612247778
2025-09-27,125.09852616105871,100.45896426051607,163.25799349079392,117.18259461431211,118.61551813010091,111.99298488252889,125.81933538393268,139.89056007201296,130.06761165314714,118.55911692470623,122.57110043530517,99.96710578125672,123.45206587221583,123.85995183230264
2025-09-28,125.09852616105871,100.46460360678125,163.25799349079392,117.21300845810357,118.5747070969694,112.13096393693344,125.8001788519727,139.95084667885374,130.06540262165817,118.55123221642502,122.57110043530517,99.96710578125672,123.88166294167328,123.92592037366786
2025-09-29,125.09852616105871,100.4622148231132,163.25799349079392,117.23353504683415,119.96591057598278,112.3464946424984,126.02599667795255,139.972089803284,130.1448337976214,118.61693125286229,122.56903323173964,99.96710578125672,122.85534359126106,124.2215942347265
2025-09-30,125.09852616105871,100.49055823736197,163.25799349079392,117.51086701257364,119.87306753738316,112.80479860806747,126.30629905737656,139.9889378755284,130.1832008352003,118.80786543006754,122.56850710263576,99.96710578125672,122.95861689257842,124.28251024991023
2025-10-01,125.099200877106,100.55428678461692,163.25799349079392,117.79104576810401,121.76655864229667,123.48682904249588,126.7408226426149,140.06604633213607,130.2231228135414,119.23139257158249,122.56850710263576,99.96710578125672,122.91509808648074,125.73686014468343
2025-10-02,125.099200877106,100.62773979424387,163.25799349079392,117.72186103995578,121.96888683528906,123.8632124625074,127.34509265822952,139.98671981248248,130.57995149125975,119.68860809433956,122.56850710263576,99.96710578125672,123.61686556870217,125.99910412573252
2025-10-03,125.099200877106,100.57769346919218,163.25799349079392,116.62046253483233,122.37691467807315,124.08964098719932,127.25632058458879,140.34580739255867,131.01993612416067,119.5364426178355,122.56850710263576,99.96710578125672,124.93368318084342,126.37430513662765
2025-10-04,125.099200877106,100.55873515142446,163.25799349079392,116.5139934869686,123.09071037767852,124.15855007594232,127.25786109301528,140.3212582957315,130.49136927189818,119.49600037382778,122.56850710263576,99.96710578125672,125.75170175745507,126.635155804861
2025-10-05,125.099200877106,100.58724715371348,163.25799349079392,117.2226580454335,123.0817328221097,124.2288574132262,127.24592601980488,140.33567857380433,130.36007203628049,119.47747627342848,122.5686714079325,99.96710578125672,125.17904303000043,126.55982271570961
2025-10-06,125.099200877106,100.61212346729181,163.25799349079392,117.31936187749189,123.43464607311394,124.57068727660042,127.48691849999457,140.6557317622657,130.27307506350988,119.55176280422576,122.57066029671142,99.96710578125672,124.78887034225173,126.69525646278336
2025-10-07,125.099200877106,100.6394972308919,163.25799349079392,117.3456764052037,123.00948040089514,124.79711291139466,127.76991423491809,141.0001544147446,130.32474340761527,119.62827110188694,122.57111239558682,99.96710578125672,124.848563906954,126.67966421432152
2025-10-08,125.09954260765512,100.6433939437736,156.52956078262213,117.43228844039959,122.97315291237067,124.70560120333579,128.60561714059676,140.97700668993176,130.48936113442937,119.82236305156616,122.57111239558682,99.96710578125672,124.40771333620182,126.50922228960256
2025-10-09,125.09956636875741,100.67171543862736,156.52956078262213,117.3402196032216,123.05190999188062,124.7743561034671,129.2285627050651,141.005869944657,130.6555339131284,119.8421200986995,122.57111239558682,99.96710578125672,124.93691439892777,126.65209811149134
2025-10-10,125.09956636875741,100.67961068593485,156.52956078262213,117.34655188542466,123.22031761948729,124.85800268861232,129.01725709081703,141.15402704353227,130.8715209510152,119.83531076030668,122.57111239558682,99.96710578125672,124.83437604031967,126.72728018040236
2025-10-11,125.09956636875741,100.64269968579521,156.52956078262213,117.34442814176857,123.02308228554767,124.65354395914753,128.63097426914317,141.22016136690104,130.30552875204063,119.968934036494,122.57111239558682,99.96710578125672,125.20284297787278,126.66064772467935
2025-10-12,125.09956636875741,100.64249724523425,156.52956078262213,117.35234708921367,122.98267333252807,124.76070626068501,128.69810238990425,141.31980624235513,130.32241854089835,119.65151906571917,122.57111239558682,99.96710578125672,124.76367147752424,126.59298520168952
2025-10-13,125.09956636875741,100.62108809013327,156.52956078262213,117.42768534129425,123.04158599147672,124.91345466579267,128.8922815285264,141.4562241184512,130.278212733175,119.83763192622102,122.57111239558682,99.96710578125672,124.4060683223393,126.6140070439605
2025-10-14,125.09956636875741,100.65423149910187,156.52956078262213,117.57516801967769,124.1665367739286,125.24999916205915,129.0170656928826,141.50105395124558,130.2809187787297,119.93643166697163,122.57111239558682,99.96710578125672,124.71116992600138,127.02233928683927
2025-10-15,125.09956636875741,100.67371343846987,156.52956078262213,117.80508072625598,124.36414481173776,125.53657860327179,129.29334924750412,141.55376599144884,130.41204765700274,119.93664835048061,122.57111239558682,99.96710578125672,124.60483234957282,127.12045627958518
2025-10-16,128.88851943330724,100.64086880505799,156.52956078262213,117.7399860790112,124.35030577984067,124.77072758629915,129.44198015765096,141.6517464145402,130.72909456691616,119.89524361988639,122.57111239558682,99.96710578125672,125.11407399393431,127.31773364887934
2025-10-17,128.88851943330724,100.63995360369323,156.52956078262213,117.82643679507812,124.33916089638092,124.77831280005621,130.46960145560166,141.7118374598747,131.08694122994444,119.89721695352476,122.57111239558682,99.96710578125672,125.01281749779332,127.38172997893591
2025-10-18,131.69417275639958,100.60756339595375,156.52956078262213,117.81378140817802,123.80111203754664,124.74088569306396,130.53128315904786,141.76476938182628,130.40481699206845,119.96940970893306,122.57111239558682,99.96710578125672,125.32479143132636,127.33571895501214
2025-10-19,131.69417275639958,100.61232492515407,156.52956078262213,117.83776306423286,123.81360761619723,124.8960907022527,130.37581940005379,141.85453373086648,130.3517823175877,120.01965367974374,122.57111239558682,99.96710578125672,124.7390307397543,127.28159880897852
2025-10-20,131.69417275639958,100.66978141057129,156.52956078262213,117.94655619615577,124.58855659919296,125.09129771667025,130.35484870551406,141.85537186610273,130.44089045956918,120.16525378057591,122.56913906261238,99.96710578125672,124.38197593855249,127.49070004284988
2025-10-21,131.6954987867837,100.71202784716877,156.52956078262213,118.00046894166731,124.94720538590973,125.05564942681993,130.5573089991002,141.95107243496204,130.569423457228,120.20955470012781,122.56913906261238,99.96710578125672,124.57098069135128,127.65473972720109
2025-10-22,131.6954987867837,100.74954712119217,156.52956078262213,118.13341107846306,124.78584750592461,125.5598381126718,130.33836290562715,142.04081195841655,130.63493411284998,120.41039549783521,122.56913906261238,99.96710578125672,124.61301844962668,127.68698618970053
2025-10-23,131.6954987867837,100.73403319644049,156.52956078262213,118.14606446303789,124.25061575910713,125.16381640285361,130.2138744481922,142.11517646482844,130.80156785765058,121.49124676217555,122.56913906261238,99.96710578125672,125.76291036159046,127.76844166049347
2025-10-24,131.6954987867837,100.74239783960677,156.52956078262213,118.05198017933434,124.13479057090217,125.13566007673248,129.79628504047164,142.12477157026504,131.26011507733858,121.46136561316085,122.56913906261238,99.96710578125672,125.85765762486996,127.76945417574129
2025-10-25,131.6954987867837,100.74597708908735,163.25755921649596,118.0058199983746,123.56081970165323,125.15214625985458,129.82443003761466,142.21268947722254,130.86481167484536,121.41761431997641,122.56913906261238,99.96710578125672,126.46556627114343,127.8195156083181
2025-10-26,131.6954987867837,100.73891428859616,163.25755921649596,118.00199566667277,123.54692946283222,125.20999450475777,129.79837417026695,142.21629979467934,130.79539847298145,121.39899513930563,122.56762637874272,99.96710578125672,125.94162925119872,127.74147020595774
2025-10-27,131.6954987867837,100.75727704056342,163.25755921649596,118.05554031145378,124.3201418546709,125.53022551447289,129.8554153708721,142.39522723296363,130.76721046768375,121.42931039817663,122.56762637874272,99.96710578125672,125.72785324499151,127.98860219710132
2025-10-28,131.6954987867837,100.75746764553986,163.25755921649596,118.14458664766846,124.51635941133199,125.57449663217461,129.46609985117107,142.51582705172393,130.57375432527607,121.49157358359192,122.56762637874272,99.96710578125672,125.83255544492695,128.0556303192049
2025-10-29,131.6956074859578,100.78831988625393,163.25755921649596,118.21204490983406,124.63843327456297,125.89421750744962,129.731768680201,142.71283165955867,130.5901793263562,121.69451933036946,122.56762637874272,99.96710578125672,125.90299100133731,128.18674245704105
2025-10-30,131.6956074859578,100.77296853187632,163.25755921649596,118.20549436628508,124.99288289165536,125.94631647341689,129.63899080612777,142.79697917347482,130.83045333804642,121.73143186443963,122.56762637874272,99.96710578125672,125.75256892453679,128.3039520714951
2025-10-31,131.69578291253822,100.82845712618804,163.25755921649596,117.80835934244058,124.94953683283904,125.22274781113254,129.1610375791096,142.98214043135627,130.99703716985303,121.49419823387208,122.56762637874272,99.96710578125672,126.05039931980939,128.27923039333226
2025-11-01,131.69578291253822,100.91763441896126,158.49202032250557,117.65264389064558,126.99699356672329,124.63177225746,129.0979591002904,142.96592820642883,130.62523438420152,120.70168607850736,122.56762637874272,99.96710578125672,126.10933972622833,128.6093159525032
2025-11-02,131.69578291253822,100.93443292812353,158.49202032250557,117.40091955649349,126.99836795503369,124.2497881847214,128.83476706277955,142.93757632646134,130.53498237879447,120.43878049815277,122.56637663782323,99.96710578125672,125.79381614978415,128.49100911487918
2025-11-03,131.69578291253822,100.93795777407283,158.49202032250557,117.40216607249914,127.08440247369916,124.2694764618277,128.747258637393,143.05383047902967,130.63392762549643,120.3904401221247,122.56637663782323,99.96710578125672,125.42141303123584,128.4871588659351
2025-11-04,131.69605404706576,101.28195596122899,158.49202032250557,117.32430022343421,127.00378324793984,124.07578454198215,128.33882713783208,143.28700069739767,130.63269484185776,120.01559083310228,122.56637663782323,99.96710578125672,125.7453809044789,128.4996286326949
2025-11-05,131.69605404706576,101.36604311384872,158.49202032250557,117.30619151110623,126.6258968219209,123.66316873402636,128.67857463665894,143.47083644355075,130.63016059030159,120.38068501101249,122.56637663782323,99.96710578125672,126.20385115187199,128.49714409113642
2025-11-06,131.69605404706576,101.30147975322996,158.49202032250557,117.30456080193456,126.34900557788839,123.52800884475951,129.0232909822638,143.5971859361161,131.03495220561064,120.33158820325205,122.56637663782323,99.96710578125672,127.26617528044126,128.61236611578033
2025-11-07,131.69605404706576,101.15396010080379,158.49202032250557,117.21719382076492,125.59053953717519,123.43618620738012,128.8189714797168,143.65289069611543,131.5755563414368,120.08558898199091,122.56637663782323,99.96710578125672,128.0268765064201,128.51407472016143
2025-11-08,131.69605404706576,101.0946957264891,158.49202032250557,117.06667834092214,124.8098570010287,123.09003420665313,128.77297547418047,143.7234806829251,131.17834676542196,119.84293940394387,122.56637663782323,99.96710578125672,127.83379562106974,128.19086391693168
2025-11-09,131.69605404706576,101.01858859669501,158.49202032250557,117.03920488086163,124.87869466613017,122.69809972896009,128.69742684797603,143.7254932633009,131.14672573421555,119.83266974028064,122.56434226067759,99.96710578125672,127.46850458957823,128.11982029889512
2025-11-10,131.69605404706576,101.0194264481994,158.49202032250557,117.07909262510013,125.8422794057007,122.70346312208325,128.82476641429474,143.80765373512722,131.1639922860195,119.90569979731073,122.56434226067759,99.96710578125672,127.03513005139672,128.35949749573882
2025-11-11,131.69605404706576,100.97965318599633,158.49202032250557,116.84508598649116,126.13263141185051,121.99309284558738,128.9017350472106,143.85694644248252,131.20660330797878,119.57396674139002,122.56434226067759,99.96710578125672,127.0564227400694,128.3702130218141
2025-11-12,131.69605404706576,101.94527418462921,158.49202032250557,116.79357957936595,125.8963863162844,122.71868962500841,129.14088723633142,143.94013532256045,131.28160137031878,119.68302667712703,122.56434226067759,99.96710578125672,127.23440913745766,128.46870922520117
2025-11-13,131.69605404706576,102.09645934247459,158.49202032250557,116.63981103800246,125.05686695937626,123.60955801892803,129.11155745037703,143.96014699526407,131.51749560870746,119.56810213477317,122.56434226067759,99.96710578125672,127.81563967785169,128.40021497757235
2025-11-14,131.6966797694627,102.1493516555388,158.49202032250557,116.61760466742703,124.43752419257498,123.84580605831978,129.19399999585167,144.07937088813378,131.7541537769782,119.59771979602795,122.56434226067759,99.96710578125672,128.16004444767634,128.33843172683643
2025-11-15,131.6966797694627,102.07905373341288,158.49202032250557,116.64172608075339,123.92063191921999,123.79964784601393,129.22671154536079,144.14691460653665,131.23467525252946,119.86410377474124,122.55955499366848,99.96710578125672,128.62583517097252,128.23668775813252
2025-11-16,131.6966797694627,102.16813181430958,158.49202032250557,116.49477535091107,123.98830313003006,123.9818416962264,129.09129256085936,144.16777219895914,131.25329394033395,119.85841408818905,122.55955499366848,99.96710578125672,127.88824743319235,128.1733233447842
2025-11-17,131.6966797694627,102.19931189681701,158.49202032250557,116.54548780253151,124.74919892250053,123.88068481102353,129.12050728086072,144.2675620479265,131.24532917384585,119.89296096815303,122.55955499366848,99.96710578125672,126.95015595577296,128.2750098408505
2025-11-18,131.6932756473653,102.25037726377128,158.49202032250557,116.62709653309406,124.96633222368908,123.76353043414815,129.06964295845322,144.37649459733905,131.1228461113914,119.98617412147763,122.55955499366848,99.96710578125672,126.81265015810341,128.32409935257286
2025-11-19,131.6932414304158,102.3595941295999,158.49202032250557,116.80593454883476,124.68817583424794,123.71909395438733,129.39110598901811,144.42573150097468,131.6164453381984,119.97510991428419,122.55955499366848,99.96710578125672,126.80180086870067,128.3101632549916
2025-11-20,131.69236665008293,102.32902769637643,158.49202032250557,116.89023767296253,125.19271698649109,123.34824643591132,129.49530695968338,144.54402835607314,131.83809364169255,119.67330735623659,122.55955499366848,99.96710578125672,127.0242666506004,128.46973686303303
2025-11-21,131.69209941557764,102.30604865983217,158.49202032250557,117.0081991644408,124.50052215045302,123.1841772798099,129.17894363381657,144.67555760610142,132.06978022019143,119.59145965713972,122.55955499366848,99.96710578125672,127.43516435407543,128.34003806726696
2025-11-22,131.69209941557764,102.27591331661615,158.49202032250557,116.97014484851407,124.17592326214157,123.12511278145305,129.17855589048358,144.7533103124699,131.4913336070595,119.56606661651963,122.55955499366848,99.96710578125672,127.81796116255013,128.25301799222623
2025-11-23,131.69209941557764,102.27176217991301,158.49202032250557,116.98031756707103,124.15381878131396,123.18267723646811,129.05175635636934,144.7787885131927,131.45227116039146,119.66628340357337,122.54918694523916,99.96710578125672,127.20596369087507,128.17311928792503
2025-11-24,131.69209941557764,102.24139306598916,158.49202032250557,116.96402367008497,124.90906842722701,123.26377293861543,129.07591865580488,144.82892456269104,131.53334821637634,119.64222782258315,122.54918694523916,99.96710578125672,126.87008081744466,128.35980016361515
2025-11-25,131.69232553813694,102.23820460445141,158.49202032250557,116.96402367008497,125.83033999517774,123.26417328118964,129.0932059372802,144.895891490131,131.61281826046704,119.64108479783752,122.54918694523916,99.96710578125672,126.23922454708742,128.55288486345273
2025-11-26,131.69232553813694,102.23805834697328,158.49202032250557,116.96402367008497,125.75174340680412,122.81962795553096,129.13791679674773,144.8991648625725,131.67805047644077,119.66291638219607,122.54918694523916,99.96710578125672,126.23929013159695,128.50488664062271
2025-11-27,131.69232553813694,103.19235672246408,158.49202032250557,117.07203715671243,125.42583061658218,121.18288245330177,129.2683771099889,145.03803061171686,131.98726706463412,119.60194737329341,122.54918694523916,99.96710578125672,126.5630321094102,128.42179219970217
2025-11-28,131.69232553813694,103.12999604185507,158.49202032250557,117.44451104863339,126.71825761411728,120.69510255997612,128.93754974598264,145.0438984788132,132.072725227795,119.48436192235313,122.54918694523916,99.96710578125672,125.81478411370237,128.63456836676744
2025-11-29,131.69232553813694,103.30667863196702,158.49202032250557,118.58907957816858,126.77413948353018,120.38101326453446,130.3908332119562,145.16496145636577,131.42058336417517,120.77202204575266,122.5283415009263,99.96710578125672,126.26308752808968,128.82789727996476
2025-11-30,131.69232553813694,103.15069084047012,158.49202032250557,117.70246863040488,126.99715306120135,121.42248609638091,129.22974013182494,145.14298891045362,131.39292188719028,119.63464983120976,122.5283415009263,99.96710578125672,125.71834233487908,128.7413777229965
2025-12-01,131.69232553813694,103.46307806319194,158.49202032250557,118.19201263626947,127.78745333131764,123.01081236905931,130.05323965084833,145.21738414894907,131.36097567477518,120.17678564343397,122.5283415009263,99.96710578125672,125.5549924788598,129.17355574154243
2025-12-02,131.6932416427031,103.47899327624758,158.49202032250557,118.82148078713523,126.95462093936689,123.90098782536361,130.48870127748876,145.1834221746621,131.48089605787123,120.75535124651094,122.5283415009263,99.96710578125672,125.44731825098637,129.07201824817884
2025-12-03,131.6932416427031,103.63881178089589,158.49202032250557,118.70093949091532,126.12739811492465,123.88566034972668,130.8373137200286,145.27034008283647,131.5128214731399,120.65705743902458,122.5283415009263,99.96710578125672,125.64146900320868,128.8915606992075
2025-12-04,131.6932416427031,103.7715537347969,158.49202032250557,118.79140108548734,126.74855118411432,124.92519133100365,131.03195124789127,145.64790851211043,132.35524848775714,120.95704501661548,122.5283415009263,99.96710578125672,126.2115701485834,129.3997960739506
2025-12-05,131.6932416427031,104.17318020802682,158.49202032250557,118.81739166080602,126.41280706861048,124.5778828841483,131.0884036041319,145.66453539740544,132.6566509147788,121.18805735014864,122.5283415009263,99.96710578125672,126.06893661224112,129.3277818815178
2025-12-06,131.6932416427031,104.21854212048416,158.49202032250557,118.92725921614537,126.27143401789334,124.11781886590133,130.94953078953625,145.7341639902443,132.2703877501786,121.4235712050911,122.5283415009263,99.96710578125672,126.42326062485112,129.29358221257803
2025-12-07,131.6932416427031,104.24897688048443,158.49202032250557,118.94507735077418,126.1558841482708,124.0884322441853,131.02973002853008,145.71848662729104,132.1419321315154,121.38326942396405,122.5283415009263,99.96710578125672,126.03305154683794,129.1938231439649
2025-12-08,131.6932416427031,104.31238921336134,158.49202032250557,119.08163382324301,127.25573304094311,124.12437978974016,130.95853065638246,145.8134730524274,132.20242592793835,121.41279751101322,122.52469417788944,99.96710578125672,125.759822775048,129.49487833566735
2025-12-09,131.6932416427031,104.34962909630609,158.49202032250557,119.10093125002065,126.79137424939798,124.5093816644852,131.03675058634042,145.87086640292478,132.22543995832424,121.4961223629642,122.52469417788944,99.96710578125672,125.79613081004082,129.4225699096216
2025-12-10,131.69284866322963,104.37366529416877,158.49202032250557,119.07808251654443,127.44482923560889,124.28097877044016,131.10188552869323,146.05201839955964,132.34019767545374,121.63355446645897,122.52469417788944,99.96710578125672,125.857224247225,129.65031018864437
2025-12-11,131.69290648268418,104.35909161707093,158.49202032250557,119.07315445717545,127.826321026311,124.16494962936461,130.97749043019894,146.17336390759925,132.63448123977048,121.58209356889228,122.52469417788944,99.96710578125672,126.24984692680283,129.8370145228379
2025-12-12,131.69290648268418,104.35679821508151,158.49202032250557,119.08182946484644,127.46933050252784,124.29181446907039,131.06575761392105,146.2487085641358,132.8593925369277,121.49083134671982,122.52469417788944,99.96710578125672,126.18507094722251,129.76546303138264
2025-12-13,131.69366266053345,104.31768268318413,158.49202032250557,119.11368078780133,126.92087198922569,124.00838532076673,131.22223617619352,146.2576988331334,132.52587381507547,121.47693259960693,122.53462402714489,99.96710578125672,125.9796361964892,129.53617527476177
2025-12-14,131.69389535398298,104.33975344880811,158.49202032250557,119.13175025160503,126.85733808336639,124.17721236775012,131.2336363109,146.269474180983,132.56771316430073,121.52750552825708,122.53462402714489,99.96710578125672,125.62861628559249,129.49600423675756
2025-12-15,131.69389535398298,104.3468934676621,158.49202032250557,119.05372151091201,128.2113038788427,124.60161505158825,131.3288305335469,146.30022681167287,132.61606101882887,121.56274233102603,122.53462402714489,99.96710578125672,125.38687768287201,129.8940603347487
2025-12-16,131.69389535398298,104.29005863188151,158.49202032250557,119.11055575284755,127.81038068924303,124.46058904877735,131.29703656367508,146.44353910491373,132.6235093201849,121.85849969851753,132.62314509544487,99.96710578125672,124.97913260585702,129.91428551034235
2025-12-17,131.69389535398298,104.29971473905485,158.49202032250557,119.14322792984665,128.09009790792717,124.11862591752917,131.5001144741254,146.5137298109762,132.60925090851583,122.09283030223651,132.62314509544487,99.96710578125672,124.96095639746368,130.0008305031147
2025-12-18,131.6945617448969,104.36791648456798,158.49202032250557,119.26752353455369,127.56985182140812,124.46847496902315,131.5689424997316,146.56149118649068,132.89987412495287,122.04117472002929,132.62314509544487,99.96710578125672,125.34797399984572,129.9703506139457
2025-12-19,131.6945617448969,105.00934913176756,158.49202032250557,119.26977034204249,127.65216866646854,124.01690618415937,131.47491154943506,146.6030722492944,133.12128427773132,121.97433855710776,132.62314509544487,99.96710578125672,125.54500145742263,130.03174790715966
2025-12-20,131.6945617448969,106.83254865293496,158.49202032250557,119.11975466803707,127.17910776418704,123.92749951418507,131.67034835766682,146.64994429172302,132.89831843987315,121.90283228823876,132.62314509544487,99.96710578125672,125.69434584805906,129.9860289657657
2025-12-21,131.6948909216497,106.81272788366614,158.49202032250557,119.198453639252,127.01682545576793,124.15850823117242,131.7482915921894,146.69597590803215,132.9497930014496,121.86152530598261,132.62314509544487,99.96710578125672,125.14154764183611,129.89591486987337
2025-12-22,131.6948909216497,106.83185255639269,158.49202032250557,119.2407114632766,128.31767008705728,124.32950913181043,131.7706593133555,146.7359157710914,133.08790947143157,121.91943842889204,132.62314509544487,99.96710578125672,124.88364052919785,130.2670574398346
2025-12-23,131.6948909216497,107.1125228360981,158.49202032250557,119.46999381481962,128.4156162992491,124.13372270098859,132.1342939700375,146.7993154656111,133.2706402681223,122.10627237731036,132.62314509544487,99.96710578125672,124.88119690527456,130.3496508100193
2025-12-24,131.697346717759,107.33156433869094,158.49202032250557,119.57331270037864,129.12689226487777,124.35958842918596,132.65561131288763,146.8899791051223,133.64917213977336,122.36822535473955,132.62314509544487,99.96710578125672,125.10729217976292,130.69868024440404
2025-12-25,131.6983655260417,108.89157998291284,185.18210711541275,120.1248717631916,130.6301233394854,124.10576500254723,132.5479645931583,147.32216793164932,134.25070103837461,124.79051402640698,132.62314509544487,139.95394809375935,125.54536933148506,132.16417504781649
2025-12-26,131.69799316933344,110.66662218459638,185.18210711541275,120.21381109322749,130.48569379349237,124.19704989984284,132.41666566043824,147.71874977170495,134.87171824926673,124.77710427495475,132.62314509544487,139.95394809375935,125.6823230122761,132.34712512519317
2025-12-27,131.89814723914816,112.34002342047786,185.18210711541275,120.19464044709716,129.9968841003414,124.29749849393555,132.55248021679185,148.1347728011668,134.95299261537878,124.91358934474312,132.62314509544487,139.95394809375935,125.87803559808981,132.42138446676523
2025-12-28,131.89814723914816,114.05403383801195,185.18210711541275,120.32880407952072,129.95973721070757,124.2731999160325,132.52944741338135,148.55538569908958,135.55068570367365,125.02831822675488,132.62314509544487,139.95394809375935,125.60533975624195,132.5842164687921
2025-12-29,131.89814723914816,114.11779347049642,185.18210711541275,120.31934003245709,130.43539720439168,124.41958938787683,132.78247578053404,148.97437930262853,136.4602216862734,125.11240820945639,132.6232475202612,139.95394809375935,125.82768093667109,132.9259829807061
2025-12-30,131.89814723914816,114.26739886244194,185.18210711541275,120.44729303548765,130.44561765062247,124.55484664725368,132.2662759157991,149.44487088233313,137.39037015857647,125.54974227173011,132.52485827991703,139.95394809375935,125.98667313782569,133.14183089114943
