,Gıda ve alkolsüz içecekler,"Alkollü içecekler, tütün ve tütün ürünleri",Giyim ve ayakkabı,"Konut, su, elektrik, gaz ve diğer yakıtlar","Mobilya, mefruşat ve evde kullanılan ekipmanlar ile rutin ev bakım ve onarımı",Sağlık,Ulaştırma,Bilgi ve iletişim,"Eğlence, dinlence, spor ve kültür",Eğitim hizmetleri,Lokantalar ve konaklama hizmetleri,Sigorta ve finansal hizmetler,"Kişisel bakım, sosyal koruma ve çeşitli mal ve hizmetler"
2005-01-31,2.498703,2.530912,15.18311,3.031636,4.093307,5.652799,3.651183,20.980387,4.403878,3.809376,1.925975,2.69673,2.653775
2005-02-28,2.52026,2.580237,14.135201,3.047479,4.124042,5.629879,3.669144,20.997966,4.393896,3.793165,1.954531,2.764135,2.620614
2005-03-31,2.522709,2.584375,13.663963,3.080685,4.121031,5.679834,3.696256,21.103248,4.308824,3.789287,2.000638,2.732842,2.657979
2005-04-30,2.498381,2.585828,14.838607,3.092137,4.145151,5.71941,3.772893,21.021241,4.279887,3.785794,2.019521,2.653597,2.687395
2005-05-31,2.498604,2.585828,16.148943,3.083217,4.169682,5.724419,3.779285,21.347691,4.432988,3.799475,2.038404,2.621251,2.689911
2005-06-30,2.45776,2.587695,16.280525,3.100547,4.21097,5.730431,3.805122,21.511459,4.554441,3.922602,2.053726,2.714033,2.710835
2005-07-31,2.429415,2.638748,15.067504,3.127562,4.197989,5.65128,3.840019,21.384628,4.659578,3.958114,2.073538,2.706118,2.685782
2005-08-31,2.42763,3.0839,14.304055,3.156299,4.18654,5.568622,3.893688,21.429395,4.747962,3.985766,2.087313,2.777804,2.72259
2005-09-30,2.460216,3.0839,14.468532,3.212512,4.126691,5.578641,3.960144,21.452191,4.606552,4.085898,2.121364,2.800593,2.770088
2005-10-31,2.515567,3.084108,15.517076,3.259887,4.204297,5.587158,3.97635,21.613285,4.591343,4.089391,2.155879,2.771804,2.822333
2005-11-30,2.5977,3.084315,16.065334,3.294044,4.240195,5.593169,3.944143,21.569465,4.547852,4.095212,2.17569,2.881921,2.847202
2005-12-31,2.590781,3.23602,15.97076,3.308335,4.28473,5.598179,3.93728,21.532078,4.57409,4.095212,2.186834,2.907504,2.920664
2006-01-31,2.624929,3.386687,14.97293,3.350592,4.299813,5.634247,4.007042,21.745299,4.589393,4.096377,2.209431,2.930085,2.964247
2006-02-28,2.688092,3.386895,13.74209,3.391107,4.230125,5.671819,4.012661,21.63183,4.504086,4.095504,2.235434,3.079287,2.986653
2006-03-31,2.722909,3.391875,13.340491,3.411977,4.212713,5.692859,4.023799,21.435809,4.482935,4.101616,2.252924,3.051091,2.987201
2006-04-30,2.739649,3.392705,14.565848,3.418953,4.238711,5.70889,4.077558,21.329874,4.684207,4.106274,2.278771,3.087245,3.091364
2006-05-31,2.759289,3.392705,16.150314,3.435849,4.257308,5.851662,4.137225,21.615037,4.775614,4.117917,2.328919,3.089817,3.286796
2006-06-30,2.684298,3.392705,16.286008,3.51076,4.314197,5.875708,4.286249,21.802927,4.941312,4.198546,2.348575,3.074056,3.253376
2006-07-31,2.72224,3.393121,15.156596,3.572998,4.435745,5.821104,4.404877,21.877484,5.010412,4.243955,2.365291,3.100166,3.34472
2006-08-31,2.689431,3.392913,14.108053,3.614606,4.521105,5.916786,4.406423,21.741671,5.098315,4.261128,2.382626,3.200405,3.306809
2006-09-30,2.766431,3.398724,14.449343,3.651778,4.595207,6.01848,4.332299,21.702845,5.160153,4.416856,2.42844,3.110813,3.279328
2006-10-31,2.787411,3.398931,15.846031,3.698572,4.610943,6.031004,4.3353,21.637161,5.289274,4.414819,2.457847,3.135732,3.273142
2006-11-30,2.863072,3.399346,16.606739,3.746743,4.588884,6.041023,4.323874,21.51957,5.196831,4.410162,2.475337,3.131729,3.306746
2006-12-31,2.880258,3.399761,16.275043,3.773592,4.594633,6.042025,4.338678,21.470808,5.298694,4.411617,2.482921,3.164907,3.297134
2007-01-31,3.008145,3.399969,14.903027,3.818199,4.59905,6.082102,4.346623,21.771655,5.296637,4.411617,2.510936,3.243719,3.297167
2007-02-28,3.056354,3.485264,13.938093,3.837168,4.633313,6.109654,4.374264,21.697648,5.273643,4.41511,2.526568,3.290871,3.341065
2007-03-31,3.075325,3.736791,13.899714,3.852712,4.715548,6.126186,4.429996,21.540958,5.288257,4.410744,2.547463,3.320522,3.346445
2007-04-30,3.10434,3.737828,15.471845,3.863559,4.69667,6.143218,4.46818,21.425564,5.356191,4.426171,2.561238,3.339916,3.358656
2007-05-31,3.052783,3.738243,17.227641,3.878058,4.783629,6.148228,4.472716,21.223606,5.318024,4.444218,2.583216,3.353097,3.328166
2007-06-30,2.993638,3.738866,17.451057,3.893036,4.794602,6.152235,4.465444,21.451985,5.43106,4.542894,2.596991,3.424619,3.294209
2007-07-31,2.972435,3.740111,16.105083,3.914922,4.806033,6.158247,4.46463,21.139358,5.494214,4.575495,2.609528,3.416707,3.286454
2007-08-31,3.022653,3.740111,14.956482,3.942215,4.803966,6.166262,4.46027,20.641151,5.535868,4.58743,2.627946,3.464522,3.308251
2007-09-30,3.091841,3.740941,15.199086,3.980211,4.743715,6.171272,4.486182,20.518565,5.502528,4.691928,2.655961,3.41295,3.346308
2007-10-31,3.19741,3.740941,16.447744,4.006256,4.755884,6.17578,4.468571,20.492735,5.539756,4.682904,2.696977,3.5773,3.371269
2007-11-30,3.215042,3.984374,17.154997,4.166295,4.776154,6.134201,4.575573,20.447292,5.539628,4.677082,2.737064,3.547266,3.452177
2007-12-31,3.226648,3.984582,16.939806,4.20692,4.785429,6.093123,4.572156,20.646876,5.534916,4.674754,2.752696,3.511933,3.430296
2008-01-31,3.28557,3.984167,15.208681,4.385878,4.814928,6.103643,4.634864,20.786871,5.462495,4.675918,2.780092,3.596982,3.514117
2008-02-29,3.451622,3.984997,14.154654,4.40314,4.856383,6.108151,4.659749,20.813619,5.456812,4.674463,2.805011,3.575871,3.580901
2008-03-31,3.487556,3.993298,14.409595,4.419425,4.910601,6.113161,4.714585,20.945996,5.526295,4.692801,2.838907,3.553141,3.667054
2008-04-30,3.52282,3.994336,16.094118,4.450892,4.935878,6.116668,4.826244,20.955347,5.512764,4.698622,2.88828,3.546545,3.698889
2008-05-31,3.531747,3.994543,18.023986,4.469269,5.039487,6.120174,4.901006,20.958468,5.603456,4.741411,2.936261,3.513366,3.68159
2008-06-30,3.411672,3.994751,17.949971,4.527826,5.092318,6.127188,4.98056,21.062277,5.67851,4.854642,2.968919,3.499613,3.69079
2008-07-31,3.426625,3.997034,16.513535,4.768953,5.142134,6.133199,4.964928,21.192756,5.74041,4.896557,2.996624,3.466858,3.729878
2008-08-31,3.425509,3.997449,15.514335,4.870527,5.141898,6.227379,4.888253,21.276085,5.759557,4.921299,3.019995,3.388406,3.657018
2008-09-30,3.434214,3.997864,15.593832,4.90417,5.159178,6.229383,4.896513,21.514011,5.760003,5.021722,3.051105,3.384557,3.664347
2008-10-31,3.56835,3.998279,16.913764,5.089984,5.178909,6.231887,4.867427,21.678536,5.740978,5.010661,3.084846,3.329539,3.821799
2008-11-30,3.593571,3.997241,17.359223,5.195864,5.249839,6.235394,4.801874,21.808497,5.833268,5.02114,3.115492,3.303512,3.824775
2008-12-31,3.610756,3.997241,16.679383,5.168273,5.280469,6.215857,4.682043,21.888564,5.899027,5.017065,3.122611,3.278175,3.886897
2009-01-31,3.663652,3.997656,15.305997,5.204467,5.264599,6.224874,4.725398,22.139851,5.977898,5.016774,3.146911,3.328354,4.007457
2009-02-28,3.664322,4.001599,14.452085,5.15271,5.211674,6.231386,4.79087,21.892131,5.992344,4.9996,3.165484,3.302976,4.155422
2009-03-31,3.807609,4.277615,14.461679,5.146683,5.135928,6.232388,4.696524,21.795601,5.972835,5.004839,3.181426,3.306593,4.213736
2009-04-30,3.794218,4.278445,16.044774,5.093391,5.015768,6.36965,4.616499,21.720693,6.213509,5.009788,3.194428,3.333079,4.097501
2009-05-31,3.80136,4.280105,17.88418,4.99629,5.006371,6.380671,4.653197,21.681648,6.256166,5.044717,3.207274,3.325354,4.113573
2009-06-30,3.741992,4.280728,17.743004,5.030791,5.00307,6.380671,4.782952,21.904983,6.235437,5.091581,3.219347,3.370651,4.180729
2009-07-31,3.71811,4.746841,16.686236,5.047863,5.048664,6.384178,4.811458,21.938641,6.506507,5.138736,3.232812,3.480677,4.210981
2009-08-31,3.659635,4.829023,15.814506,5.084773,5.056668,6.386182,4.890957,21.908622,6.600559,5.149506,3.247052,3.461872,4.239134
2009-09-30,3.667446,4.82923,15.65414,5.117415,5.066779,6.39069,4.900604,21.91855,6.870831,5.278164,3.274911,3.523417,4.305173
2009-10-31,3.775916,4.835871,16.967219,5.225608,5.193832,6.394698,5.003059,22.164936,6.937012,5.287187,3.315463,3.537978,4.345882
2009-11-30,3.859389,4.835249,17.738892,5.262378,5.155924,6.3957,5.065482,22.206476,6.867631,5.291554,3.330012,3.536583,4.428728
2009-12-31,3.945094,4.832966,17.244089,5.28842,5.136663,6.367646,5.052886,22.373402,6.830274,5.291554,3.350906,3.580327,4.448301
2010-01-31,4.007364,5.898011,15.829583,5.368303,5.172979,6.360633,5.230801,22.266578,6.868038,5.295047,3.388053,3.691277,4.449514
2010-02-28,4.208234,6.117578,14.998972,5.389458,5.167273,6.347608,5.252812,22.294309,6.792628,5.29592,3.427675,3.730523,4.457236
2010-03-31,4.234347,6.118408,15.103141,5.40016,5.143447,6.350113,5.291274,22.899054,6.831519,5.31484,3.461417,3.750434,4.488293
2010-04-30,4.240373,6.119446,16.701314,5.40677,5.177733,6.409226,5.293993,21.912489,6.864883,5.310183,3.501504,3.731819,4.487463
2010-05-31,4.054457,6.118824,18.565391,5.427571,5.184839,6.407723,5.292212,21.64397,6.841123,5.342202,3.533078,3.738089,4.579149
2010-06-30,3.952236,6.118408,18.631182,5.452379,5.204004,6.408224,5.27046,21.74599,6.906115,5.397798,3.540198,3.728962,4.553438
2010-07-31,3.923221,6.119031,17.663507,5.467808,5.236623,6.424755,5.29653,21.659156,6.933549,5.445535,3.55227,3.810403,4.453005
2010-08-31,4.039057,6.119239,16.817818,5.476334,5.235405,6.381673,5.287738,21.463226,6.975088,5.453103,3.568831,3.801138,4.443379
2010-09-30,4.22966,6.051999,16.446374,5.494009,5.260091,6.392193,5.293739,21.104077,7.114077,5.516559,3.595298,3.807805,4.500166
2010-10-31,4.420934,5.985174,17.701885,5.504329,5.253892,6.40121,5.314109,20.951786,7.027261,5.521507,3.634147,3.798505,4.540339
2010-11-30,4.337461,6.021907,18.387207,5.536278,5.286203,6.401711,5.338064,21.005998,6.933526,5.513939,3.665721,3.812101,4.575725
2010-12-31,4.222072,6.024605,18.060994,5.600504,5.303656,6.404216,5.394735,21.480583,6.94218,5.516559,3.677949,3.824259,4.672229
2011-01-31,4.290145,6.024605,16.658824,5.633102,5.358211,6.42225,5.474408,21.684346,6.947868,5.518596,3.705963,3.881821,4.725448
2011-02-28,4.399061,6.025227,15.8008,5.625087,5.407231,6.429264,5.570267,21.718392,6.952485,5.526165,3.722524,3.891475,4.764087
2011-03-31,4.381206,6.027303,15.922787,5.646815,5.458622,6.438782,5.657593,21.763038,7.028061,5.542465,3.738621,3.90401,4.820194
2011-04-30,4.360226,6.027095,17.659395,5.668846,5.555378,6.445795,5.716054,21.373995,7.096825,5.556437,3.757194,3.910717,4.833173
2011-05-31,4.565783,6.026473,19.722216,5.699813,5.57038,6.452809,5.752531,21.262212,7.249557,5.619601,3.78753,3.976687,4.90237
2011-06-30,4.273405,6.02668,19.848315,5.713568,5.601118,6.455314,5.770992,21.381543,7.277576,5.698775,3.805794,4.003185,4.991191
2011-07-31,4.223188,6.027095,18.887493,5.716142,5.6163,6.408725,5.815048,21.417852,7.260852,5.740109,3.82901,4.06186,5.098788
2011-08-31,4.28144,6.027718,18.066476,5.746881,5.663534,6.412732,5.924692,21.442274,7.316637,5.757865,3.85362,4.112067,5.327712
2011-09-30,4.323846,6.034359,17.481211,5.782868,5.715815,6.414736,6.037909,21.467314,7.3783,5.860907,3.896029,4.117451,5.475053
2011-10-31,4.498603,6.885856,18.877898,5.990022,5.808353,6.41674,6.07462,21.613587,7.462736,5.874879,3.934877,4.164961,5.420691
2011-11-30,4.645908,7.139665,19.933295,6.026387,5.875595,6.431268,6.041965,21.769881,7.463487,5.878954,3.959332,4.226704,5.509681
2011-12-31,4.737416,7.139043,19.501542,6.058162,5.892217,6.425757,6.052487,21.819577,7.579214,5.873715,3.979608,4.248089,5.525986
2012-01-31,4.790758,7.140703,17.965049,6.137697,5.985868,6.431769,6.179569,21.843903,7.663053,5.870804,4.009634,4.327151,5.604592
2012-02-29,4.890524,7.140703,17.234495,6.174433,6.048902,6.47435,6.199898,21.772964,7.658864,5.877208,4.027898,4.374402,5.623021
2012-03-31,4.874231,7.140495,17.418161,6.21437,6.103916,6.494388,6.270338,21.736134,7.668391,5.887395,4.058698,4.349153,5.659715
2012-04-30,4.868205,7.143816,19.718104,6.409452,6.153361,6.528453,6.287008,21.740729,7.742869,5.91825,4.107143,4.378728,5.675416
2012-05-31,4.751477,7.15357,21.413592,6.412067,6.123795,6.534965,6.202073,21.64632,7.861096,5.983161,4.144754,4.381947,5.688031
2012-06-30,4.588995,7.153362,21.23815,6.421138,6.154143,6.543482,6.116692,21.98312,8.000878,6.083293,4.164875,4.417859,5.732773
2012-07-31,4.605734,7.153362,20.307481,6.381813,6.125329,6.544985,6.139341,21.997014,8.026653,6.149368,4.187627,4.593989,5.75115
2012-08-31,4.672914,7.153155,19.374072,6.425225,6.169105,6.528453,6.236478,21.978371,8.103903,6.207875,4.213475,4.695914,5.775047
2012-09-30,4.773126,7.1737,18.865563,6.478118,6.184059,6.53196,6.338846,22.256006,8.120248,6.133941,4.275695,4.990282,5.892175
2012-10-31,4.852582,7.207943,20.151228,6.691548,6.214553,6.534464,6.467847,22.449026,8.144911,6.150823,4.304483,5.149331,5.931295
2012-11-30,4.846779,7.208773,21.416334,6.728977,6.227802,6.531459,6.405752,22.437541,8.138247,6.15519,4.333117,5.439666,5.925726
2012-12-31,4.921993,7.209188,21.095603,6.74573,6.241224,6.533964,6.389105,22.664505,8.118791,6.156354,4.350142,5.550583,5.928541
2013-01-31,5.118846,8.237085,19.630383,6.792585,6.309165,6.566526,6.425502,22.645774,8.165993,6.162758,4.391467,5.696925,6.006395
2013-02-28,5.164154,8.305363,18.381725,6.809516,6.373272,6.594579,6.528975,22.664277,8.093586,6.183424,4.413136,5.74768,5.994744
2013-03-31,5.269276,8.304948,18.539349,6.825053,6.378824,6.626139,6.525922,22.669342,8.139027,6.188955,4.440377,5.820175,6.009651
2013-04-30,5.200757,8.304533,20.902342,6.836002,6.40698,6.64768,6.484927,22.649469,8.270794,6.226504,4.475356,5.832863,5.964888
2013-05-31,5.087377,8.30474,22.751342,6.833829,6.393299,6.656698,6.494069,22.707395,8.352828,6.334204,4.508788,5.803113,5.947071
2013-06-30,5.18,8.304118,22.355226,6.852646,6.406472,6.666216,6.5897,22.704276,8.581059,6.459951,4.536957,5.737595,5.951209
2013-07-31,5.191606,8.297062,21.308053,6.883081,6.415532,6.696273,6.738549,22.891077,8.610569,6.512345,4.563424,5.831881,5.929125
2013-08-31,5.151655,8.298307,20.53775,6.906353,6.4149,6.721822,6.785969,22.855389,8.70452,6.590064,4.598249,5.899731,5.99935
2013-09-30,5.189597,8.299552,20.07036,6.954242,6.464463,6.732342,6.919572,22.921789,8.6973,6.75598,4.666195,5.826624,6.057149
2013-10-31,5.3927,8.238746,21.989263,6.978628,6.566838,6.745868,6.942268,22.937077,8.772451,6.774609,4.710152,5.842968,6.031812
2013-11-30,5.320386,8.185618,22.708852,7.009159,6.600854,6.797466,6.936463,22.896238,8.819956,6.774609,4.740488,5.829629,6.044346
2013-12-31,5.397833,7.967919,22.123587,7.071403,6.613162,6.850567,7.012031,22.917901,8.794817,6.775191,4.779027,5.797457,6.044688
2014-01-31,5.67615,8.561663,20.444546,7.106227,6.716545,6.978311,7.18939,22.850903,8.933391,6.778975,4.861523,5.760688,6.186946
2014-02-28,5.683292,8.563738,19.409709,7.138554,6.805718,7.031412,7.351854,22.956407,8.946381,6.793529,4.930398,5.735608,6.260071
2014-03-31,5.802475,8.562078,19.892176,7.155233,6.867051,7.091527,7.416341,23.036007,9.012892,6.806628,4.996024,5.871386,6.332488
2014-04-30,5.884832,8.564153,22.497773,7.172385,6.974781,7.157152,7.376286,22.996379,9.098269,6.872412,5.033789,5.886577,6.325526
2014-05-31,5.805377,8.551286,24.564706,7.198204,6.963803,7.227286,7.33962,22.916141,9.1955,6.940234,5.089508,5.796887,6.360845
2014-06-30,5.826133,8.546306,24.257681,7.214974,6.996174,7.298422,7.376119,22.8147,9.38509,7.059577,5.13656,5.770312,6.407702
2014-07-31,5.843542,8.716688,23.462707,7.255191,7.012842,7.320464,7.428075,23.21716,9.571186,7.101493,5.190268,5.68069,6.521464
2014-08-31,5.895322,8.676635,22.308624,7.278366,7.034824,7.332487,7.423714,23.195254,9.704658,7.154469,5.27555,5.604188,6.572435
2014-09-30,5.9134,8.579718,21.764477,7.314272,7.063034,7.363045,7.431655,23.165499,9.748162,7.281962,5.339472,5.544386,6.618641
2014-10-31,6.070079,8.57951,23.930097,7.528714,7.077118,7.414643,7.418391,23.150904,9.747013,7.319803,5.385595,5.550517,6.668954
2014-11-30,6.08481,8.579718,24.91285,7.544298,7.138173,7.431676,7.287091,23.121121,9.543521,7.33785,5.419491,5.550025,6.66233
2014-12-31,6.085033,8.57868,23.989035,7.554188,7.146443,7.441194,7.158967,23.103684,9.539775,7.338432,5.447351,5.557827,6.715391
2015-01-31,6.299071,8.938123,22.314106,7.638817,7.290608,7.552406,7.127797,23.509295,9.541832,7.339887,5.49657,5.652242,6.856979
2015-02-28,6.462,8.898692,20.846145,7.673975,7.307272,7.614024,7.25236,23.644451,9.675769,7.334357,5.554766,5.700349,6.897145
2015-03-31,6.621803,8.898069,21.066819,7.729405,7.348879,7.689167,7.317532,23.70002,9.739648,7.349202,5.633702,5.708349,6.956945
2015-04-30,6.729827,8.899522,23.657339,7.761041,7.448424,7.71171,7.347526,23.661721,9.821433,7.414113,5.705054,5.846607,7.073451
2015-05-31,6.549267,8.900145,26.036779,7.796754,7.509457,7.730245,7.475124,23.693427,9.942621,7.447878,5.773465,6.036184,7.091196
2015-06-30,6.366698,8.899522,25.692747,7.820549,7.502439,7.771324,7.474377,23.635015,10.426,7.499982,5.836149,6.033922,7.16051
2015-07-31,6.38433,9.002665,24.415306,7.846279,7.622933,7.795871,7.504174,23.553547,10.493787,7.538113,5.906727,6.420728,7.144367
2015-08-31,6.467803,9.034624,23.361279,7.873671,7.640003,7.824926,7.475964,23.900178,10.589704,7.644067,6.028072,6.750282,7.237417
2015-09-30,6.547927,9.066376,22.717076,7.919414,7.729071,7.909588,7.618113,24.081799,10.665311,7.711597,6.086422,7.150878,7.389058
2015-10-31,6.597476,9.065546,25.314449,7.983929,7.837176,7.94215,7.723099,24.198111,10.671773,7.790771,6.127283,7.685488,7.446117
2015-11-30,6.663763,9.065961,26.672758,8.027,7.889063,7.96319,7.664014,24.281502,10.554591,7.804161,6.147714,8.167331,7.402937
2015-12-31,6.746343,9.066376,26.14506,8.06094,7.930866,7.974211,7.620799,24.223543,10.542591,7.807363,6.16799,8.42515,7.425294
2016-01-31,7.035373,9.936759,24.392005,8.198255,8.075873,8.167079,7.654918,24.45916,10.662292,7.813767,6.234543,8.892414,7.59016
2016-02-29,7.032695,10.035751,22.889777,8.22772,8.115672,8.31436,7.712641,24.417709,10.589419,7.822499,6.283453,9.229145,7.682433
2016-03-31,6.925341,10.035958,22.969275,8.24128,8.165485,8.414551,7.772184,24.37831,10.580391,7.859466,6.324314,9.452195,7.736042
2016-04-30,6.822897,10.041976,25.862707,8.271931,8.223168,8.450119,7.819934,24.391129,10.784418,7.928161,6.352792,9.751275,7.730713
2016-05-31,6.711079,10.038864,27.943347,8.30351,8.199877,8.471159,7.90389,24.504071,10.965694,8.010828,6.385141,9.820492,7.824503
2016-06-30,6.788972,10.038656,27.571902,8.342863,8.23524,8.533778,7.956838,24.518799,10.98599,8.0868,6.416715,9.714648,7.849058
2016-07-31,7.002787,10.745919,26.431525,8.370175,8.248841,8.620944,7.964714,24.819784,11.138251,8.133082,6.494877,9.86356,7.951492
2016-08-31,6.868204,11.115116,25.192461,8.410006,8.270649,8.654008,7.979729,24.828117,11.219954,8.345571,6.548275,9.826928,7.992727
2016-09-30,6.820218,11.115946,24.313878,8.445331,8.28059,8.672543,8.190659,24.848828,11.170938,8.511196,6.591922,9.789539,8.019227
2016-10-31,6.940294,11.115323,26.850942,8.425479,8.329193,8.688072,8.351199,24.800065,11.018295,8.537393,6.638045,9.818781,8.053431
2016-11-30,6.900343,11.116153,27.896745,8.498219,8.318565,8.692581,8.391245,24.969896,11.195804,8.545834,6.670239,9.765474,8.15754
2016-12-31,7.12755,11.93071,27.18538,8.578555,8.424705,8.750191,8.552984,25.009507,11.385956,8.546708,6.699801,9.82372,8.206697
2017-01-31,7.58174,12.212121,25.285665,8.734951,8.572212,9.157969,8.831333,25.30769,11.527589,8.550783,6.769605,9.959192,8.551908
2017-02-28,7.645796,12.215234,24.438607,8.838634,8.512847,9.356347,9.075663,25.608596,11.50371,8.552238,6.827646,10.030915,8.674048
2017-03-31,7.793324,12.215026,24.925186,8.877462,8.597633,9.532183,9.125783,25.600075,11.576226,8.632867,6.875472,9.982876,8.810434
2017-04-30,7.889072,12.216271,27.200457,8.896576,8.678774,9.575265,9.201156,25.585449,11.724691,8.692539,6.941561,9.379606,8.94845
2017-05-31,7.845773,12.216479,28.824672,8.932679,8.746269,9.597307,9.135484,25.682145,12.206675,8.770548,7.003008,8.789654,8.884494
2017-06-30,7.762747,12.217309,28.465563,8.960214,8.788452,9.613838,9.059601,25.445747,12.357858,8.86253,7.075133,8.725351,8.935329
2017-07-31,7.707619,12.265041,27.466362,8.99997,8.843431,9.6459,9.161004,25.501599,12.594055,8.955385,7.198954,8.698276,8.954672
2017-08-31,7.690433,12.270644,26.616562,9.06346,8.990282,9.662932,9.345467,25.48895,12.692671,9.205423,7.273092,8.757281,9.018522
2017-09-30,7.673025,12.271682,26.830383,9.132266,9.029973,9.704511,9.490378,25.57518,12.686906,9.397245,7.34692,8.732306,9.14587
2017-10-31,7.824347,12.271682,29.918447,9.217996,9.297923,9.749096,9.734377,25.554445,12.347087,9.431884,7.398616,8.769723,9.233268
2017-11-30,7.989061,12.273342,31.047858,9.333254,9.385802,9.769135,9.92751,25.68,12.303711,9.439743,7.432667,8.845305,9.407991
2017-12-31,8.110253,12.272512,30.304969,9.405558,9.496251,9.791678,10.092588,25.637991,12.31751,9.442362,7.467956,8.82415,9.413531
2018-01-31,8.245728,12.320452,28.479269,9.625461,9.72802,10.02863,10.242253,25.526973,12.464234,9.463611,7.543022,9.468909,9.608243
2018-02-28,8.430752,12.324395,27.315591,9.676202,9.847224,10.286121,10.27325,25.589149,12.522092,9.482532,7.614993,9.536173,9.796342
2018-03-31,8.601715,12.324602,27.602056,9.718756,9.923749,10.481493,10.349455,25.598441,12.632272,9.571602,7.677987,9.655475,9.863759
2018-04-30,8.58386,12.32564,30.472187,9.843988,10.133834,10.529585,10.710865,25.583488,12.983738,9.636513,7.766364,9.653266,10.105644
2018-05-31,8.708623,12.344525,32.060765,9.937965,10.221545,10.565654,10.955235,25.703412,13.181937,9.736063,7.879196,9.720489,10.321612
2018-06-30,9.2291,12.347223,31.693432,10.040884,10.451166,10.654824,11.242687,26.803882,13.463576,9.819021,8.016173,9.848632,10.506892
2018-07-31,9.203211,12.440612,30.721645,10.151999,10.642067,10.782568,11.363586,26.803442,13.7838,9.923519,8.196952,10.008197,10.564552
2018-08-31,9.209013,12.493324,30.233695,10.543055,11.127328,10.877248,11.861552,27.608671,14.064113,10.00211,8.351419,10.240681,11.204651
2018-09-30,9.798233,12.501833,31.43438,11.132182,12.397448,11.127726,12.932119,28.648812,14.634133,10.400309,8.749503,10.681946,12.058912
2018-10-31,10.114046,12.524662,35.439406,11.593814,12.823349,11.29204,12.82428,29.215236,14.988677,10.400891,8.882765,11.207863,12.241032
2018-11-30,10.039054,12.546452,36.280982,11.649306,12.453532,11.356663,12.005374,28.706275,14.90961,10.402637,8.919602,11.110177,12.121377
2018-12-31,10.147078,12.566375,34.799315,11.642988,12.469824,11.426797,11.701624,28.717627,14.810881,10.404675,8.947152,11.095275,12.220782
2019-01-31,10.79946,12.643991,32.031982,11.284635,12.550659,11.833072,11.762451,28.94624,15.021742,10.412243,9.043268,11.512921,12.696062
2019-02-28,10.896994,12.658104,30.490006,11.285514,12.558233,12.126131,11.844493,28.818836,15.030273,10.582525,9.122359,11.625648,12.624921
2019-03-31,11.162589,12.659141,30.629812,11.315524,12.595813,12.547935,11.931364,28.68263,15.162182,10.736216,9.183031,11.797405,12.694001
2019-04-30,11.318375,13.516656,32.271845,11.357226,12.930991,12.609052,12.071245,28.640667,15.37701,10.871568,9.286886,11.907197,12.949379
2019-05-31,11.185355,14.716804,33.591776,11.403578,12.724672,12.612558,12.330982,28.685219,15.787939,11.015071,9.436865,11.999269,13.149033
2019-06-30,11.001,14.722823,33.065448,11.43319,12.796954,12.684696,12.387512,28.686874,15.873292,11.180696,9.686983,12.045596,13.406248
2019-07-31,10.879139,14.833436,32.00731,11.786679,13.342122,12.716256,12.931401,28.894112,16.239678,11.280827,9.82427,12.13033,13.490435
2019-08-31,10.79522,17.668093,31.653684,12.02634,13.362959,12.777874,12.685267,28.915571,16.341453,11.76111,9.898098,12.256929,13.610722
2019-09-30,10.730718,17.984784,32.329412,12.284419,13.46669,12.842998,12.885831,28.882122,16.231275,11.856294,10.050862,12.419561,13.904762
2019-10-31,10.90793,17.985199,36.112393,12.71837,13.597152,12.899606,13.03372,29.136065,16.168274,11.878125,10.1007,12.454315,13.937547
2019-11-30,10.931812,17.985822,37.08281,12.764273,13.677991,12.929663,13.075994,29.146808,16.279926,11.89588,10.085068,12.379865,13.876961
2019-12-31,11.251865,17.985614,36.374186,12.794671,13.693379,12.983767,13.148788,29.21933,16.246517,11.909561,10.125155,12.285331,13.943728
2020-01-31,11.775244,17.981463,33.954997,12.947782,13.493379,13.498248,13.307274,29.271448,16.385734,11.985242,10.265537,12.698636,14.558554
2020-02-29,12.049544,17.739898,32.314335,13.010372,13.481913,13.772772,13.258125,29.193604,16.369514,12.088576,10.349735,12.559184,14.713028
2020-03-31,12.284785,17.746332,32.524043,13.044674,13.565457,14.155001,13.010332,29.242124,16.517279,12.172116,10.43966,12.294033,14.923052
2020-04-30,12.595018,17.750275,33.852199,13.003791,13.713756,14.230144,12.776718,28.96681,16.33338,12.214032,10.452352,12.208207,15.669109
2020-05-31,12.625372,17.868152,36.171331,13.047659,13.871681,14.261203,13.189411,29.372203,16.437173,12.248088,10.469532,12.169259,15.991502
2020-06-30,12.422939,18.022762,36.589377,13.139628,14.045434,14.402974,13.770477,29.96644,16.951193,12.485028,10.765464,12.147121,16.156786
2020-07-31,12.263805,18.063438,35.317419,13.261995,14.379936,14.518193,14.099417,30.414944,17.258861,12.701883,10.897024,11.967905,16.575505
2020-08-31,12.253985,18.099133,34.571788,13.388654,14.553414,14.653952,14.315856,30.578187,17.494897,12.76039,11.066504,11.981238,17.468763
2020-09-30,12.334779,18.106397,34.562193,13.513042,14.995485,14.781195,14.574204,30.804963,17.534707,12.751657,11.147916,12.250235,17.570853
2020-10-31,12.708398,18.104944,36.91422,13.784594,15.364549,14.911945,14.866197,30.976658,17.37279,12.75224,11.227007,12.386885,17.938234
2020-11-30,13.236687,18.105567,37.451513,13.929745,15.624225,15.030671,15.524459,31.194121,17.550848,12.72808,11.354388,12.47932,18.148472
2020-12-31,13.571248,18.103076,36.259052,14.023583,16.167309,15.147895,15.928238,31.439326,17.518008,12.724296,11.410881,12.588724,18.031094
2021-01-31,13.908264,18.224689,34.673215,14.446245,16.637693,15.792123,16.121189,31.580976,17.759935,12.720221,11.58841,12.909827,18.320283
2021-02-28,14.26626,18.249177,34.352484,14.533744,16.68933,16.266528,16.197622,31.732965,17.467347,12.829958,11.741019,12.569264,17.888394
2021-03-31,14.427179,18.255818,34.941862,14.634966,16.779075,16.868176,16.196998,31.94444,18.00921,13.185658,12.046702,12.393048,18.28575
2021-04-30,14.734064,18.389053,37.587207,14.774258,16.77199,16.962857,16.465418,32.021346,18.185195,13.461312,12.209527,12.223073,18.672322
2021-05-31,14.776917,18.386355,38.2506,14.886354,16.897343,17.013453,16.881714,32.120816,17.872249,13.542523,12.325299,12.309035,18.990784
2021-06-30,14.906367,18.384695,39.168932,15.062703,17.658178,17.148711,17.34707,32.379402,18.880238,13.841172,12.796284,12.540307,19.523752
2021-07-31,15.319936,18.38926,38.332838,15.825224,17.644986,17.219847,17.532965,32.466867,19.177431,14.050168,13.144685,12.402772,19.563074
2021-08-31,15.807382,18.423088,37.152713,15.97619,17.88701,17.27395,17.399922,32.719205,19.494244,14.132252,13.443713,12.450025,19.813116
2021-09-30,15.885721,18.431597,37.092404,16.349427,18.483835,17.363621,17.492129,32.878093,19.765939,14.859663,13.741502,12.542548,20.121678
2021-10-31,16.191267,19.53213,39.895374,16.723632,18.899712,17.475835,17.913013,33.170716,19.647874,14.885278,14.059258,12.975713,20.464141
2021-11-30,16.825794,19.537941,40.572473,17.246221,19.546117,17.629128,19.030665,33.379013,20.274268,14.897212,14.635955,13.695092,21.582613
2021-12-31,19.516118,21.728008,43.556368,18.039375,22.778809,18.255823,24.401239,35.33482,21.87654,14.917297,16.071814,17.24352,24.469373
2022-01-31,21.642889,26.487301,43.452199,21.444339,25.703936,20.312747,27.167703,36.782817,23.596436,15.094565,17.429512,18.643149,26.230059
2022-02-28,23.463667,26.604348,43.58241,21.766512,27.507251,21.611223,28.395947,37.361701,24.4206,15.682839,18.221657,20.238195,27.81138
2022-03-31,24.573141,27.645527,44.359566,22.170098,28.39658,22.76292,32.135317,38.403581,25.494617,16.710353,19.323045,21.094261,29.212569
2022-04-30,27.861389,28.757682,47.44763,23.814005,29.794438,23.06149,33.765843,39.244088,26.789412,17.193838,20.665574,22.606305,29.39078
2022-05-31,28.316918,30.635831,49.648886,24.35019,30.763738,23.4337,34.915421,39.76021,28.149547,17.26457,21.795131,23.859896,30.767917
2022-06-30,28.908593,31.436068,49.739349,26.378816,31.981218,23.894579,38.583336,40.813626,29.085027,17.683435,22.976229,28.467376,31.892486
2022-07-31,29.819652,33.59044,50.63438,26.903959,33.234901,25.561759,38.258192,41.66619,30.65248,17.817915,23.547354,30.323988,32.454695
2022-08-31,30.074311,33.61991,51.282696,27.458266,34.348172,27.353677,37.583588,42.53751,31.816914,18.985148,24.326188,31.345758,33.724686
2022-09-30,30.667325,33.634022,52.033809,30.196223,35.055454,27.927772,37.91924,43.676181,32.828509,20.311311,24.918362,34.428636,34.643373
2022-10-31,32.228311,34.743479,56.371902,30.972157,36.593433,28.426724,38.742556,44.790704,33.104641,20.385245,25.576161,35.455203,35.489091
2022-11-30,34.080559,35.850238,55.570074,31.539299,37.694464,28.717278,39.263282,45.63739,34.131196,20.436475,26.388582,36.32911,36.424653
2022-12-31,34.712854,35.874934,54.823073,32.433288,39.417367,30.415017,37.648288,46.269182,35.046624,20.476353,27.077336,37.712961,37.265716
2023-01-31,37.009918,39.888778,53.986979,33.507302,41.614824,35.997666,40.436029,49.57598,37.959527,21.388891,30.525133,39.787073,39.71776
2023-02-28,39.732158,39.718395,53.03438,33.936935,42.383501,36.756112,41.464873,49.78121,38.491607,22.60619,31.767986,40.699583,40.394273
2023-03-31,41.256764,39.739978,52.018732,34.609312,43.538898,37.485504,41.718738,49.990496,39.936201,24.030738,32.990719,40.924859,41.748431
2023-04-30,42.88493,39.744752,54.004797,34.103402,44.203651,38.424294,42.757534,52.545774,40.627923,24.771247,34.389277,41.592581,42.544381
2023-05-31,43.18936,39.856195,59.325642,29.414503,44.637832,39.117617,43.547718,53.383074,42.609858,26.045307,36.82979,44.864805,43.160372
2023-06-30,44.495017,44.292156,60.186408,30.293792,45.798713,39.590018,46.946492,55.140791,43.693907,26.649881,38.421509,45.962896,44.331329
2023-07-31,47.924767,49.238018,62.103941,32.121605,49.88087,44.976292,55.13737,58.484486,46.602513,27.362737,43.001803,48.932942,48.409481
2023-08-31,51.986812,51.095207,67.230154,34.337926,54.550691,48.565138,64.148177,61.362743,50.581852,28.21473,46.052753,49.583944,52.460486
2023-09-30,53.710503,56.22162,68.968132,36.313402,57.399701,50.211779,66.923581,63.513778,53.317317,36.755907,47.963931,48.40148,54.761632
2023-10-31,55.430846,56.27454,78.440662,39.047052,58.888756,51.538309,66.819076,65.432254,54.122936,36.862152,49.648516,48.291971,56.588297
2023-11-30,56.96929,61.429801,78.196688,43.399199,60.246268,52.303268,66.954639,66.962335,55.984817,37.090068,50.892762,48.829522,57.987931
2023-12-31,59.710055,61.438102,77.157738,45.554028,62.444342,54.623695,66.86378,69.921828,57.203864,37.278397,52.323669,49.524538,59.672518
2024-01-31,62.808592,64.460158,75.918675,48.939267,67.018901,64.281617,71.56403,73.330453,62.165444,38.459019,58.69163,58.037195,64.293888
2024-02-29,67.990378,64.776435,76.070817,50.608519,69.02681,66.62108,73.573619,75.708923,65.109898,43.367511,61.878319,61.146628,66.651835
2024-03-31,70.304404,64.766681,78.080183,52.339675,71.257308,67.568888,74.826479,79.323648,68.341633,49.039798,64.323165,63.581413,68.765727
2024-04-30,72.259989,70.957102,81.656196,53.066652,74.19202,68.267721,76.895764,81.599696,70.42771,50.498694,67.341766,66.746313,71.24415
2024-05-31,73.481727,74.323866,89.493547,56.816758,75.572763,69.500071,77.772977,81.97564,72.764667,53.341095,71.057945,69.290737,72.391002
2024-06-30,74.786045,74.378447,88.976813,58.968907,76.798251,70.673309,77.675786,82.756943,74.497523,55.193532,73.256697,67.962643,73.680966
2024-07-31,76.15799,78.720396,86.678241,63.726344,78.073125,73.318856,80.60145,85.15788,76.162767,55.956163,75.699066,72.376995,75.755236
2024-08-31,75.320584,82.233884,86.982524,69.143396,78.917902,74.544193,82.944116,85.756083,78.911562,62.30172,77.232125,74.853151,77.280509
2024-09-30,77.192026,85.656266,90.143232,71.809573,80.475466,75.668337,84.945846,85.579966,81.116332,71.15639,79.335226,76.810826,79.869465
2024-10-31,80.530714,85.622024,103.047858,73.912734,81.935106,77.846993,84.501622,88.082855,81.219115,71.388673,80.476701,78.977203,81.558359
2024-11-30,84.640745,85.585706,102.786065,75.686729,84.238364,79.939485,84.742734,89.825785,83.310669,71.395367,81.114688,81.439286,82.860285
2024-12-31,85.73415,85.569103,102.09526,76.980104,86.580422,80.640822,84.388732,91.375982,84.559792,71.44194,82.213755,84.561734,84.063601
2025-01-31,89.040253,86.443636,96.816905,82.625004,90.647278,99.649081,88.315498,93.788169,90.152962,76.89126,87.555084,91.972095,88.943551
2025-02-28,91.863374,86.433052,91.920959,86.404952,92.176978,95.279746,90.965543,95.482264,90.268127,84.521937,90.28348,95.303505,91.751043
2025-03-31,96.398357,95.037466,89.645688,88.223276,94.300115,95.954533,91.192306,95.614248,93.59032,88.477721,92.223601,94.62337,93.657163
2025-04-30,98.336756,94.978112,95.470931,92.324728,96.791546,96.935404,94.602534,96.422057,95.302917,90.492581,95.534575,97.630712,96.2253
2025-05-31,97.637281,95.038919,102.126785,95.086672,97.957594,97.386765,97.08393,95.933577,98.046516,91.568415,97.284321,99.624127,97.810724
2025-06-30,97.37481,95.174229,101.852656,97.573398,99.92801,98.024983,99.357949,97.7334,99.410905,95.667702,99.326749,100.858536,99.510095
2025-07-31,97.447793,100.593675,95.923244,103.197867,101.554747,100.805286,102.184175,101.009957,102.305936,98.223099,101.556611,103.840459,101.42199
2025-08-31,100.388759,106.668917,95.239292,105.942028,102.357767,101.821725,103.748673,102.240362,104.156956,100.252221,103.463145,104.36612,102.242781
2025-09-30,105.028194,106.63758,98.9743,108.654178,104.042276,102.314665,106.621569,103.751976,104.973206,118.192681,106.238129,102.346559,104.846287
2025-10-31,108.610829,109.215522,111.268989,111.537073,105.58643,102.803097,107.746094,104.272707,105.444324,118.285827,107.660368,103.319824,106.074111
2025-11-30,107.864707,111.857382,112.029697,113.428599,106.497063,103.491911,109.650029,105.487045,107.774282,118.638616,108.618124,103.968565,108.045074
2025-12-31,110.008887,111.921509,108.730554,115.002226,108.160196,105.532804,108.531699,108.264237,108.573549,118.787941,110.255812,102.146128,109.47188
2026-01-31,117.26,113.63,103.66,120.1,111.61,121.2,114.27,112.63,114.39,126.64,116.72,113.2,115.37
